Avg min between sent tnx,Avg min between received tnx,Time Diff between first and last (Mins),Sent tnx,Received Tnx,Number of Created Contracts,Unique Received From Addresses,Unique Sent To Addresses,min value received,max value received,avg val received,min val sent,max val sent,avg val sent,min value sent to contract,max val sent to contract,avg value sent to contract,total transactions (including tnx to create contract,total Ether sent,total ether received,total ether sent contracts,total ether balance,Total ERC20 tnxs,ERC20 total Ether received,ERC20 total ether sent,ERC20 total Ether sent contract,ERC20 uniq sent addr,ERC20 uniq rec addr,ERC20 uniq sent addr.1,ERC20 uniq rec contract addr,ERC20 avg time between sent tnx,ERC20 avg time between rec tnx,ERC20 avg time between rec 2 tnx,ERC20 avg time between contract tnx,ERC20 min val rec,ERC20 max val rec,ERC20 avg val rec,ERC20 min val sent,ERC20 max val sent,ERC20 avg val sent,ERC20 min val sent contract,ERC20 max val sent contract,ERC20 avg val sent contract,ERC20 uniq sent token name,ERC20 uniq rec token name
14.27,847.93,1727478.58,1978,2004,0,11,3,0.010018,81.322676,4.690398,0.112279,81.321485,4.751224,0.0,0.0,0.0,3982,9397.920647,9399.557032,0.0,1.636385026,2.0,100.0,0.0,0.0,0.0,2.0,0.0,2.0,0.0,0.0,0.0,0.0,0.0,100.0,50.0,0.0,0.0,0.0,0.0,0.0,0.0,0.0,2.0
5.98,0.0,17.93,3,2,0,2,3,837.222019,1163.777981,1000.5,0.005042,1632.14916,666.999528,0.0,0.0,0.0,5,2000.998585,2001.0,0.0,0.001414909,0.0,0.0,0.0,0.0,0.0,0.0,0.0,0.0,0.0,0.0,0.0,0.0,0.0,0.0,0.0,0.0,0.0,0.0,0.0,0.0,0.0,0.0,0.0
24.63,3319.39,10032.05,3,3,0,3,1,0.04,10.805,5.281667,0.038953,10.80458,5.281031,0.0,0.0,0.0,6,15.84309204,15.845,0.0,0.001907957,0.0,0.0,0.0,0.0,0.0,0.0,0.0,0.0,0.0,0.0,0.0,0.0,0.0,0.0,0.0,0.0,0.0,0.0,0.0,0.0,0.0,0.0,0.0
22.17,0.0,66.52,3,1,0,1,3,101.0,101.0,101.0,5.58,53.724214,33.666149,0.0,0.0,0.0,4,100.998446,101.0,0.0,0.0015539999999999,0.0,0.0,0.0,0.0,0.0,0.0,0.0,0.0,0.0,0.0,0.0,0.0,0.0,0.0,0.0,0.0,0.0,0.0,0.0,0.0,0.0,0.0,0.0
15.32,814.78,1613147.68,1907,1944,0,10,3,0.006949,223.819293,3.489936,0.62158,223.818015,3.556806,0.0,0.0,0.0,3851,6782.828745999999,6784.436291,0.0,1.607545086,4.0,1553031566.0,0.0,0.0,0.0,4.0,0.0,4.0,0.0,0.0,0.0,0.0,0.0,1553031446.0,388257891.5,0.0,0.0,0.0,0.0,0.0,0.0,0.0,4.0
0.0,0.0,5.92,1,1,0,1,1,4.6666,4.6666,4.6666,4.66576,4.66576,4.66576,0.0,0.0,0.0,2,4.66576,4.6666,0.0,0.00084,0.0,0.0,0.0,0.0,0.0,0.0,0.0,0.0,0.0,0.0,0.0,0.0,0.0,0.0,0.0,0.0,0.0,0.0,0.0,0.0,0.0,0.0,0.0
45814.78,0.0,91629.55,2,1,0,1,2,0.025,0.025,0.025,0.0,0.024003,0.012002,0.0,0.0,0.0,3,0.024003175,0.025,0.0,0.000996825,2.0,462.21,462.21,0.0,1.0,1.0,0.0,1.0,0.0,0.0,0.0,0.0,462.21,462.21,462.21,462.21,462.21,462.21,0.0,0.0,0.0,1.0,1.0
0.86,30007.36,60016.43,2,2,0,2,2,0.362477,3.395,1.878738,0.361637,3.39416,1.877898,0.0,0.0,0.0,4,3.755796793,3.757476793,0.0,0.00168,0.0,0.0,0.0,0.0,0.0,0.0,0.0,0.0,0.0,0.0,0.0,0.0,0.0,0.0,0.0,0.0,0.0,0.0,0.0,0.0,0.0,0.0,0.0
14552.41,5103.36,138348.05,6,10,0,8,6,0.0,0.3,0.04571,0.033273,0.15,0.0751169999999999,0.0,0.0,0.0,16,0.4507014,0.4571,0.0,0.0063986,3.0,113.38,0.0,0.0,0.0,3.0,0.0,3.0,0.0,0.0,0.0,0.0,0.01,100.0,37.793333,0.0,0.0,0.0,0.0,0.0,0.0,0.0,3.0
1939.62,3434.53,51035.7,21,3,0,3,5,0.01,6.318,2.176,0.0,9.61,1.400857,0.0,0.0,0.0,24,29.418000000000006,6.528,0.0,-22.89,6.0,36.61206874,36.61203433,0.0,1.0,2.0,0.0,2.0,0.0,0.0,0.0,0.0,0.0,18.306034,12.204023,0.306034,18.306,12.204011,0.0,0.0,0.0,1.0,2.0
1651.78,745.44,270291.72,151,28,0,9,28,5e-05,51.0,5.739669999999999,0.0,46.8,1.063208,0.0,0.0,0.0,179,160.5444661,160.7107708,0.0,0.16630466,154.0,1260649.385,1251756.385,0.0,17.0,14.0,0.0,19.0,0.0,0.0,0.0,0.0,0.0,232269.4506,16808.65847,0.0,345729.2079,15845.01753,0.0,0.0,0.0,17.0,19.0
102.28,182.21,1115.58,2,5,0,5,1,0.073411,0.580957,0.399201,0.4991390000000001,1.4951450000000002,0.997142,0.0,0.0,0.0,7,1.99428449,1.99600649,0.0,0.0017219999999999,0.0,0.0,0.0,0.0,0.0,0.0,0.0,0.0,0.0,0.0,0.0,0.0,0.0,0.0,0.0,0.0,0.0,0.0,0.0,0.0,0.0,0.0,0.0
0.0,128.85,214252.32,1,4,0,4,1,0.000107,5.0,1.497527,5.97,5.97,5.97,0.0,0.0,0.0,5,5.97,5.99010713,0.0,0.02010713,1.0,5e-18,0.0,0.0,0.0,1.0,0.0,1.0,0.0,0.0,0.0,0.0,0.0,0.0,0.0,0.0,0.0,0.0,0.0,0.0,0.0,0.0,1.0
0.0,4183.66,8370.82,1,2,0,2,1,0.004711,0.016,0.010355,0.02,0.02,0.02,0.0,0.0,0.0,3,0.02,0.02071068,0.0,0.00071068,0.0,0.0,0.0,0.0,0.0,0.0,0.0,0.0,0.0,0.0,0.0,0.0,0.0,0.0,0.0,0.0,0.0,0.0,0.0,0.0,0.0,0.0,0.0
0.0,0.0,0.0,0,0,0,0,0,0.0,0.0,0.0,0.0,0.0,0.0,0.0,0.0,0.0,0,0.0,0.0,0.0,0.0,1.0,13.37,0.0,0.0,0.0,1.0,0.0,1.0,0.0,0.0,0.0,0.0,13.37,13.37,13.37,0.0,0.0,0.0,0.0,0.0,0.0,0.0,1.0
162.42,0.0,324.83,2,1,0,1,2,101.0,101.0,101.0,4.0,96.999016,50.499508,0.0,0.0,0.0,3,100.9990158,101.0,0.0,0.000984218,0.0,0.0,0.0,0.0,0.0,0.0,0.0,0.0,0.0,0.0,0.0,0.0,0.0,0.0,0.0,0.0,0.0,0.0,0.0,0.0,0.0,0.0,0.0
0.0,0.0,0.0,0,0,0,0,0,0.0,0.0,0.0,0.0,0.0,0.0,0.0,0.0,0.0,0,0.0,0.0,0.0,0.0,0.0,0.0,0.0,0.0,0.0,0.0,0.0,0.0,0.0,0.0,0.0,0.0,0.0,0.0,0.0,0.0,0.0,0.0,0.0,0.0,0.0,0.0,0.0
75.97,943.87,231504.72,227,227,0,4,2,0.090261,0.776586,0.263336,0.0898409999999999,0.776166,0.262916,0.0,0.0,0.0,454,59.68191428,59.77727528,0.0,0.095361,0.0,0.0,0.0,0.0,0.0,0.0,0.0,0.0,0.0,0.0,0.0,0.0,0.0,0.0,0.0,0.0,0.0,0.0,0.0,0.0,0.0,0.0,0.0
0.0,0.0,2.6,1,1,0,1,1,0.40427,0.40427,0.40427,0.403799,0.403799,0.403799,0.0,0.0,0.0,2,0.403798764,0.4042704,0.0,0.000471636,0.0,0.0,0.0,0.0,0.0,0.0,0.0,0.0,0.0,0.0,0.0,0.0,0.0,0.0,0.0,0.0,0.0,0.0,0.0,0.0,0.0,0.0,0.0
0.0,8337.53,141737.98,0,17,1,6,0,0.0,4.469494999999998,2.167293,0.0,0.0,0.0,0.0,0.0,0.0,18,0.0,36.84397257,0.0,36.84397257,1.0,0.469113901,0.0,0.0,0.0,1.0,0.0,1.0,0.0,0.0,0.0,0.0,0.469114,0.469114,0.469114,0.0,0.0,0.0,0.0,0.0,0.0,0.0,1.0
160.42,1.02,322.88,2,2,0,2,2,9.704789,91.295211,50.5,10.578974,90.42,50.499487,0.0,0.0,0.0,4,100.9989738,101.0,0.0,0.001026218,0.0,0.0,0.0,0.0,0.0,0.0,0.0,0.0,0.0,0.0,0.0,0.0,0.0,0.0,0.0,0.0,0.0,0.0,0.0,0.0,0.0,0.0,0.0
204048.12,90405.11,792954.57,3,2,0,1,3,0.03,0.1,0.065,0.0,0.095933,0.039644,0.0,0.0,0.0,5,0.118933248,0.13,0.0,0.011066752,3.0,2.69e-09,8.43e-10,0.0,1.0,1.0,0.0,2.0,0.0,0.0,0.0,0.0,0.0,0.0,0.0,0.0,0.0,0.0,0.0,0.0,0.0,1.0,2.0
0.0,1151.97,245368.8,0,213,1,6,0,0.0,1.60646,0.880444,0.0,0.0,0.0,0.0,0.0,0.0,214,0.0,187.5345765,0.0,187.5345765,3.0,4.680177999,0.0,0.0,0.0,3.0,0.0,3.0,0.0,0.0,0.0,0.0,0.265543,3.414635,1.560059,0.0,0.0,0.0,0.0,0.0,0.0,0.0,3.0
0.0,0.0,0.0,0,0,0,0,0,0.0,0.0,0.0,0.0,0.0,0.0,0.0,0.0,0.0,0,0.0,0.0,0.0,0.0,0.0,0.0,0.0,0.0,0.0,0.0,0.0,0.0,0.0,0.0,0.0,0.0,0.0,0.0,0.0,0.0,0.0,0.0,0.0,0.0,0.0,0.0,0.0
111.76,0.0,335.28,3,2,0,2,3,25.803201,75.196799,50.5,0.017279,67.532793,33.666165,0.0,0.0,0.0,5,100.9984936,101.0,0.0,0.001506437,0.0,0.0,0.0,0.0,0.0,0.0,0.0,0.0,0.0,0.0,0.0,0.0,0.0,0.0,0.0,0.0,0.0,0.0,0.0,0.0,0.0,0.0,0.0
0.0,16276.87,390644.78,0,24,1,5,0,0.0,1.016043,0.8393950000000001,0.0,0.0,0.0,0.0,0.0,0.0,25,0.0,20.14548851,0.0,20.14548851,3.0,1.981164681,0.0,0.0,0.0,3.0,0.0,3.0,0.0,0.0,0.0,0.0,0.150702,1.0,0.660388,0.0,0.0,0.0,0.0,0.0,0.0,0.0,3.0
0.0,167.47,134630.73,1,51,0,45,1,0.00109,6.529621,0.793074,52.444836,52.444836,52.444836,0.0,0.0,0.0,52,52.44483571,40.44678871,0.0,-11.998047,3.0,1500.0,0.0,0.0,0.0,2.0,0.0,3.0,0.0,0.0,0.0,0.0,0.0,1500.0,500.0,0.0,0.0,0.0,0.0,0.0,0.0,0.0,3.0
26392.82,0.0,52785.63,2,1,0,1,1,0.443132,0.443132,0.443132,0.002928,0.437642,0.220285,0.0,0.0,0.0,3,0.44057042,0.44313242,0.0,0.002562,0.0,0.0,0.0,0.0,0.0,0.0,0.0,0.0,0.0,0.0,0.0,0.0,0.0,0.0,0.0,0.0,0.0,0.0,0.0,0.0,0.0,0.0,0.0
177.23,1611.54,10200.9,3,6,0,2,1,0.00065,0.2,0.100108,0.099,0.3,0.199667,0.0,0.0,0.0,9,0.599,0.60065,0.0,0.00165,1.0,5000.0,0.0,0.0,0.0,1.0,0.0,1.0,0.0,0.0,0.0,0.0,5000.0,5000.0,5000.0,0.0,0.0,0.0,0.0,0.0,0.0,0.0,1.0
33.62,293.51,654.25,2,2,0,2,2,32.0,36.0,34.0,31.999496,35.999491,33.999493,0.0,0.0,0.0,4,67.99898656,68.0,0.0,0.001013439,0.0,0.0,0.0,0.0,0.0,0.0,0.0,0.0,0.0,0.0,0.0,0.0,0.0,0.0,0.0,0.0,0.0,0.0,0.0,0.0,0.0,0.0,0.0
0.0,1532.36,226788.97,0,148,1,3,0,0.0,2.19624,1.004051,0.0,0.0,0.0,0.0,0.0,0.0,149,0.0,148.5995797,0.0,148.5995797,2.0,3.358292501,0.0,0.0,0.0,2.0,0.0,2.0,0.0,0.0,0.0,0.0,0.945586,2.412706,1.6791459999999998,0.0,0.0,0.0,0.0,0.0,0.0,0.0,2.0
0.0,825.9,1651.8,0,2,0,2,0,0.011415,0.0344779999999999,0.022946,0.0,0.0,0.0,0.0,0.0,0.0,2,0.0,0.04589263,0.0,0.04589263,0.0,0.0,0.0,0.0,0.0,0.0,0.0,0.0,0.0,0.0,0.0,0.0,0.0,0.0,0.0,0.0,0.0,0.0,0.0,0.0,0.0,0.0,0.0
9278.67,42480.23,1031264.95,15,21,0,4,6,0.005,39.77,17.976705,0.0,95.07958,25.166625,0.0,0.0,0.0,36,377.4993719,377.5108082,0.0,0.011436346,2.0,1.921531155,1.921531155,0.0,1.0,1.0,0.0,1.0,0.0,0.0,0.0,0.0,1.921531,1.921531,1.921531,1.921531,1.921531,1.921531,0.0,0.0,0.0,1.0,1.0
0.0,98742.3,592453.82,0,6,1,1,0,0.0,0.0,0.0,0.0,0.0,0.0,0.0,0.0,0.0,7,0.0,0.0,0.0,0.0,1.0,0.075326298,0.0,0.0,0.0,1.0,0.0,1.0,0.0,0.0,0.0,0.0,0.075326,0.075326,0.075326,0.0,0.0,0.0,0.0,0.0,0.0,0.0,1.0
0.0,0.0,0.0,0,0,0,0,0,0.0,0.0,0.0,0.0,0.0,0.0,0.0,0.0,0.0,0,0.0,0.0,0.0,0.0,0.0,0.0,0.0,0.0,0.0,0.0,0.0,0.0,0.0,0.0,0.0,0.0,0.0,0.0,0.0,0.0,0.0,0.0,0.0,0.0,0.0,0.0,0.0
21.68,0.0,65.03,3,1,0,1,3,101.0,101.0,101.0,1.29895,51.757135,33.666149,0.0,0.0,0.0,4,100.998446,101.0,0.0,0.0015539999999999,0.0,0.0,0.0,0.0,0.0,0.0,0.0,0.0,0.0,0.0,0.0,0.0,0.0,0.0,0.0,0.0,0.0,0.0,0.0,0.0,0.0,0.0,0.0
0.0,10710.34,685461.75,0,64,1,7,0,0.0,1.003554,0.693807,0.0,0.0,0.0,0.0,0.0,0.0,65,0.0,44.40364296,0.0,44.40364296,2.0,1.69128248,0.0,0.0,0.0,2.0,0.0,2.0,0.0,0.0,0.0,0.0,0.6355,1.055783,0.845641,0.0,0.0,0.0,0.0,0.0,0.0,0.0,2.0
0.0,19359.79,193597.92,0,10,1,4,0,0.0,186.0,37.06697,0.0,0.0,0.0,0.0,0.0,0.0,11,0.0,370.6697,0.0,370.6697,1.0,2.233929411,0.0,0.0,0.0,1.0,0.0,1.0,0.0,0.0,0.0,0.0,2.2339290000000003,2.2339290000000003,2.2339290000000003,0.0,0.0,0.0,0.0,0.0,0.0,0.0,1.0
0.0,0.0,47664.6,1,1,0,1,1,2.129898,2.129898,2.129898,2.129457,2.129457,2.129457,0.0,0.0,0.0,2,2.12945656,2.12989756,0.0,0.000441,1.0,0.160437298,0.0,0.0,0.0,1.0,0.0,1.0,0.0,0.0,0.0,0.0,0.160437,0.160437,0.160437,0.0,0.0,0.0,0.0,0.0,0.0,0.0,1.0
0.0,0.0,974.25,1,1,0,1,1,0.16817,0.16817,0.16817,0.167729,0.167729,0.167729,0.0,0.0,0.0,2,0.16772891,0.16816991,0.0,0.000441,0.0,0.0,0.0,0.0,0.0,0.0,0.0,0.0,0.0,0.0,0.0,0.0,0.0,0.0,0.0,0.0,0.0,0.0,0.0,0.0,0.0,0.0,0.0
9972.12,7929.51,578739.03,31,34,0,17,10,0.9935,119.0,13.017899,0.0,192.0,20.128996,0.0,0.0,0.0,65,623.998866,442.6085757,0.0,-181.3902903,47.0,353781.3063,286314.0,0.0,20.0,19.0,0.0,21.0,0.0,0.0,0.0,0.0,0.0,270215.2,14151.25225,0.0,33450.0,13014.27273,0.0,0.0,0.0,3.0,21.0
0.0,0.0,5.95,1,1,0,1,1,3.059807,3.059807,3.059807,3.059335,3.059335,3.059335,0.0,0.0,0.0,2,3.059335204,3.05980684,0.0,0.000471636,0.0,0.0,0.0,0.0,0.0,0.0,0.0,0.0,0.0,0.0,0.0,0.0,0.0,0.0,0.0,0.0,0.0,0.0,0.0,0.0,0.0,0.0,0.0
0.0,0.0,0.0,0,0,0,0,0,0.0,0.0,0.0,0.0,0.0,0.0,0.0,0.0,0.0,0,0.0,0.0,0.0,0.0,0.0,0.0,0.0,0.0,0.0,0.0,0.0,0.0,0.0,0.0,0.0,0.0,0.0,0.0,0.0,0.0,0.0,0.0,0.0,0.0,0.0,0.0,0.0
0.0,0.0,60292.17,1,1,0,1,1,1.0,1.0,1.0,0.999559,0.999559,0.999559,0.0,0.0,0.0,2,0.999559,1.0,0.0,0.000441,1.0,0.075326298,0.0,0.0,0.0,1.0,0.0,1.0,0.0,0.0,0.0,0.0,0.075326,0.075326,0.075326,0.0,0.0,0.0,0.0,0.0,0.0,0.0,1.0
204306.92,0.0,408613.83,2,1,0,1,2,62.749,62.749,62.749,0.099234,62.649,31.374117,0.0,0.0,0.0,3,62.74823402,62.749,0.0,0.000765982,0.0,0.0,0.0,0.0,0.0,0.0,0.0,0.0,0.0,0.0,0.0,0.0,0.0,0.0,0.0,0.0,0.0,0.0,0.0,0.0,0.0,0.0,0.0
219.19,2649.67,1000269.75,260,356,0,3,257,0.010027,0.988385,0.051956,0.001,0.987944,0.070698,0.0,0.0,0.0,616,18.38149636,18.49636825,0.0,0.114871888,1.0,100.0,0.0,0.0,0.0,1.0,0.0,1.0,0.0,0.0,0.0,0.0,100.0,100.0,100.0,0.0,0.0,0.0,0.0,0.0,0.0,0.0,1.0
4445.14,1463.96,17727.3,3,3,0,2,2,0.3,1.5,0.716609,0.447245,1.0,0.7157479999999999,0.0,0.0,0.0,6,2.14724543,2.14982843,0.0,0.002583,2.0,3.799237535,0.0,0.0,0.0,2.0,0.0,2.0,0.0,0.0,0.0,0.0,1.7,2.099238,1.899619,0.0,0.0,0.0,0.0,0.0,0.0,0.0,2.0
0.0,1.9,6488.87,1,4,0,4,1,0.1,5.0,1.3475,5.389139,5.389139,5.389139,0.0,0.0,0.0,5,5.389139,5.39,0.0,0.0008609999999999,0.0,0.0,0.0,0.0,0.0,0.0,0.0,0.0,0.0,0.0,0.0,0.0,0.0,0.0,0.0,0.0,0.0,0.0,0.0,0.0,0.0,0.0,0.0
5628.03,2312.27,996901.52,157,49,0,27,112,0.0,13.0527,1.519695,0.0,6.0,0.491112,0.0,0.0,0.0,206,77.10451,74.46505697,0.0,-2.639453026,157.0,702142.0085,308719.2629,0.0,26.0,83.0,0.0,103.0,0.0,0.0,0.0,0.0,0.0,250000.0,5802.826516,0.0,250000.0,8575.535081,0.0,0.0,0.0,32.0,102.0
4.03,13959.96,111711.95,8,8,0,3,1,0.0008349999999999,4.798947,0.625112,0.000415,4.798527,0.624692,0.0,0.0,0.0,16,4.99753861,5.00089861,0.0,0.00336,0.0,0.0,0.0,0.0,0.0,0.0,0.0,0.0,0.0,0.0,0.0,0.0,0.0,0.0,0.0,0.0,0.0,0.0,0.0,0.0,0.0,0.0,0.0
3.7,705.85,41877.62,9993,7,0,1,9287,0.1,10.0,5.3,0.002454,5.096501,0.002972,0.0,0.0,0.0,10000,29.70360528,37.1,0.0,7.39639472,10.0,30529.76711,0.0,0.0,0.0,8.0,0.0,10.0,0.0,0.0,0.0,0.0,0.0,30000.0,3052.976711,0.0,0.0,0.0,0.0,0.0,0.0,0.0,10.0
45.89,0.0,458881.72,9999,1,2404,1,809,100.0,100.0,100.0,0.0,0.0,0.0,0.0,0.0,0.0,12404,0.0,100.0,0.0,100.0,10000.0,1383247.801,327417.9906,0.0,1816.0,1033.0,0.0,26.0,0.0,0.0,0.0,0.0,0.0,824257.0,329.580129,0.097,20000.0,56.422194,0.0,0.0,0.0,1.0,26.0
78.96,2493.66,1148393.85,364,449,0,3,3,0.001,1.001826,0.129078,0.060709,2.393532,0.15892,0.0,0.0,0.0,813,57.84688864,57.95616703,0.0,0.109278392,8.0,1553031431.0,100.0,0.0,1.0,6.0,0.0,7.0,0.0,0.0,0.0,0.0,0.0,1553031328.0,221861633.0,100.0,100.0,100.0,0.0,0.0,0.0,1.0,7.0
0.0,0.0,3.2,1,1,0,1,1,19.99895,19.99895,19.99895,19.99811,19.99811,19.99811,0.0,0.0,0.0,2,19.99811,19.99895,0.0,0.00084,0.0,0.0,0.0,0.0,0.0,0.0,0.0,0.0,0.0,0.0,0.0,0.0,0.0,0.0,0.0,0.0,0.0,0.0,0.0,0.0,0.0,0.0,0.0
0.81,40538.29,162156.4,4,4,0,3,1,0.429399,10.144463,6.546145,0.428702,10.144005,6.545641000000002,0.0,0.0,0.0,8,26.18256523,26.18458107,0.0,0.00201584,0.0,0.0,0.0,0.0,0.0,0.0,0.0,0.0,0.0,0.0,0.0,0.0,0.0,0.0,0.0,0.0,0.0,0.0,0.0,0.0,0.0,0.0,0.0
38428.41,1.07,115287.37,3,2,0,1,2,0.5,7.176639,3.83832,0.025374,7.539822,2.558399,0.0,0.0,0.0,5,7.67519644,7.67663924,0.0,0.0014428,1.0,0.56992784,0.0,0.0,0.0,1.0,0.0,1.0,0.0,0.0,0.0,0.0,0.569928,0.569928,0.569928,0.0,0.0,0.0,0.0,0.0,0.0,0.0,1.0
22.91,0.0,68.72,3,1,0,1,3,101.0,101.0,101.0,0.11005,50.841333,33.666149,0.0,0.0,0.0,4,100.998446,101.0,0.0,0.0015539999999999,0.0,0.0,0.0,0.0,0.0,0.0,0.0,0.0,0.0,0.0,0.0,0.0,0.0,0.0,0.0,0.0,0.0,0.0,0.0,0.0,0.0,0.0,0.0
150.65,47.15,1451.25,4,18,0,16,4,0.013821,9.994,1.261819,1.109295,7.3,5.677324,0.0,0.0,0.0,22,22.70929534,22.71273934,0.0,0.003444,1.0,1.337,0.0,0.0,0.0,1.0,0.0,1.0,0.0,0.0,0.0,0.0,1.337,1.337,1.337,0.0,0.0,0.0,0.0,0.0,0.0,0.0,1.0
0.0,9945.5,198909.9,0,20,1,8,0,0.0,11.999416,3.688443,0.0,0.0,0.0,0.0,0.0,0.0,21,0.0,73.76886204,0.0,73.76886204,2.0,1.998379844,0.0,0.0,0.0,2.0,0.0,2.0,0.0,0.0,0.0,0.0,0.359785,1.638595,0.99919,0.0,0.0,0.0,0.0,0.0,0.0,0.0,2.0
9676.37,46570.37,300586.47,7,5,0,2,7,0.06,10.918805,7.235761,0.0,10.105,5.157857,0.0,0.0,0.0,12,36.105,36.178805,0.0,0.073805,8.0,159750.7613,159300.0,0.0,2.0,6.0,0.0,5.0,0.0,0.0,0.0,0.0,0.0,99000.0,26625.12688,300.0,159000.0,79650.0,0.0,0.0,0.0,2.0,5.0
0.0,0.0,0.0,0,0,0,0,0,0.0,0.0,0.0,0.0,0.0,0.0,0.0,0.0,0.0,0,0.0,0.0,0.0,0.0,1.0,1.337,0.0,0.0,0.0,1.0,0.0,1.0,0.0,0.0,0.0,0.0,1.337,1.337,1.337,0.0,0.0,0.0,0.0,0.0,0.0,0.0,1.0
0.0,0.0,162.75,0,1,1,1,0,0.0,0.0,0.0,0.0,0.0,0.0,0.0,0.0,0.0,2,0.0,0.0,0.0,0.0,0.0,0.0,0.0,0.0,0.0,0.0,0.0,0.0,0.0,0.0,0.0,0.0,0.0,0.0,0.0,0.0,0.0,0.0,0.0,0.0,0.0,0.0,0.0
1901.95,29.07,3862.05,2,2,0,2,2,0.001,0.083,0.042,0.023362,0.048523,0.035943,0.0,0.0,0.0,4,0.07188547,0.084,0.0,0.01211453,1.0,1.337,0.0,0.0,0.0,1.0,0.0,1.0,0.0,0.0,0.0,0.0,1.337,1.337,1.337,0.0,0.0,0.0,0.0,0.0,0.0,0.0,1.0
16.57,20898.0,836582.68,40,40,0,9,3,2.0,10000.0,1481.360831,1.9988,9999.99937,1481.360046,0.0,0.0,0.0,80,59254.40184,59254.433220000006,0.0,0.03138905,0.0,0.0,0.0,0.0,0.0,0.0,0.0,0.0,0.0,0.0,0.0,0.0,0.0,0.0,0.0,0.0,0.0,0.0,0.0,0.0,0.0,0.0,0.0
0.0,11749.22,211486.02,0,18,1,5,0,0.0,55.86,15.616712,0.0,0.0,0.0,0.0,0.0,0.0,19,0.0,281.1008247,0.0,281.1008247,1.0,14.92425115,0.0,0.0,0.0,1.0,0.0,1.0,0.0,0.0,0.0,0.0,14.924251000000002,14.924251000000002,14.924251000000002,0.0,0.0,0.0,0.0,0.0,0.0,0.0,1.0
0.0,23.58,15516.12,1,65,0,44,1,0.009138,6.198419,0.8202299999999999,53.414528,53.414528,53.414528,0.0,0.0,0.0,66,53.41452759,53.31494759,0.0,-0.09958,1.0,10.0,0.0,0.0,0.0,1.0,0.0,1.0,0.0,0.0,0.0,0.0,10.0,10.0,10.0,0.0,0.0,0.0,0.0,0.0,0.0,0.0,1.0
0.0,0.0,14723.23,1,1,0,1,1,2.0,2.0,2.0,1.999559,1.999559,1.999559,0.0,0.0,0.0,2,1.999559,2.0,0.0,0.000441,0.0,0.0,0.0,0.0,0.0,0.0,0.0,0.0,0.0,0.0,0.0,0.0,0.0,0.0,0.0,0.0,0.0,0.0,0.0,0.0,0.0,0.0,0.0
21.23,0.0,63.68,3,1,0,1,3,101.0,101.0,101.0,1.0,87.18118,33.666149,0.0,0.0,0.0,4,100.998446,101.0,0.0,0.0015539999999999,0.0,0.0,0.0,0.0,0.0,0.0,0.0,0.0,0.0,0.0,0.0,0.0,0.0,0.0,0.0,0.0,0.0,0.0,0.0,0.0,0.0,0.0,0.0
14.47,1136.78,14937.3,11,13,0,2,1,0.001,0.8182,0.397242,0.070794,0.8171930000000001,0.468498,0.0,0.0,0.0,24,5.15347306,5.164147232,0.0,0.010674172,0.0,0.0,0.0,0.0,0.0,0.0,0.0,0.0,0.0,0.0,0.0,0.0,0.0,0.0,0.0,0.0,0.0,0.0,0.0,0.0,0.0,0.0,0.0
164.07,0.0,328.15,2,1,0,1,2,101.0,101.0,101.0,1.0,99.998492,50.499246,0.0,0.0,0.0,3,100.9984925,101.0,0.0,0.00150753,0.0,0.0,0.0,0.0,0.0,0.0,0.0,0.0,0.0,0.0,0.0,0.0,0.0,0.0,0.0,0.0,0.0,0.0,0.0,0.0,0.0,0.0,0.0
165.15,0.0,330.3,2,2,0,2,2,49.770407,51.229593,50.5,0.025105,100.973869,50.499487,0.0,0.0,0.0,4,100.9989738,101.0,0.0,0.001026218,0.0,0.0,0.0,0.0,0.0,0.0,0.0,0.0,0.0,0.0,0.0,0.0,0.0,0.0,0.0,0.0,0.0,0.0,0.0,0.0,0.0,0.0,0.0
0.0,15118.72,60474.87,0,4,1,2,0,0.0,5.519,2.96397,0.0,0.0,0.0,0.0,0.0,0.0,5,0.0,11.85588,0.0,11.85588,0.0,0.0,0.0,0.0,0.0,0.0,0.0,0.0,0.0,0.0,0.0,0.0,0.0,0.0,0.0,0.0,0.0,0.0,0.0,0.0,0.0,0.0,0.0
4560.4,3641.5,980145.68,175,50,0,29,86,0.0,15.0,2.890266,0.0,6.0,0.8388030000000001,0.0,0.0,0.0,225,146.7905,144.5132979,0.0,-2.277202149,305.0,7493724.771000002,3307503.189,0.0,38.0,137.0,0.0,106.0,0.0,0.0,0.0,0.0,0.0,2398941.9,30711.98677,0.0,2106397.958,54221.36375,0.0,0.0,0.0,45.0,103.0
4968.25,6809.68,805795.92,143,14,0,5,14,0.005,55.410987,7.989225999999999,0.0,55.0,0.8758739999999999,0.0,0.0,0.0,157,125.25,111.8491706,0.0,-13.40082942,76.0,124733.5507,113262.342,0.0,6.0,12.0,0.0,17.0,0.0,0.0,0.0,0.0,0.0,110000.0,2494.671015,0.0,79000.0,4356.243923,0.0,0.0,0.0,8.0,17.0
830.37,2020.02,632824.63,25,303,0,6,12,0.01,200.194573,3.345214,0.0,200.0,40.623396,0.0,0.0,0.0,328,1015.584912,1013.599924,0.0,-1.984987802,2.0,0.0,2.0,0.0,2.0,0.0,0.0,0.0,0.0,0.0,0.0,0.0,0.0,0.0,0.0,0.047619,1.952381,1.0,0.0,0.0,0.0,2.0,0.0
3617.11,5264.84,613897.92,46,85,0,7,3,0.0044,24.999,3.717385,0.0,29.440104,6.86857,0.0,0.0,0.0,131,315.9542362,315.9777093,0.0,0.023473128,2.0,0.040278414,0.040278414,0.0,1.0,1.0,0.0,1.0,0.0,0.0,0.0,0.0,0.040278,0.040278,0.040278,0.040278,0.040278,0.040278,0.0,0.0,0.0,1.0,1.0
0.0,33451.39,200708.35,0,6,1,3,0,0.0,0.0,0.0,0.0,0.0,0.0,0.0,0.0,0.0,7,0.0,0.0,0.0,0.0,0.0,0.0,0.0,0.0,0.0,0.0,0.0,0.0,0.0,0.0,0.0,0.0,0.0,0.0,0.0,0.0,0.0,0.0,0.0,0.0,0.0,0.0,0.0
162.67,0.0,325.33,2,1,0,1,2,101.0,101.0,101.0,2.0,98.998974,50.499487,0.0,0.0,0.0,3,100.9989738,101.0,0.0,0.001026218,0.0,0.0,0.0,0.0,0.0,0.0,0.0,0.0,0.0,0.0,0.0,0.0,0.0,0.0,0.0,0.0,0.0,0.0,0.0,0.0,0.0,0.0,0.0
5416.15,6191.72,1019050.37,163,22,0,1,9,0.001,0.01,0.009136,0.0,0.009361,7e-05,0.0,0.0,0.0,185,0.0113614239999999,0.201,0.0,0.189638576,153.0,430.0000002,39275.97001000001,0.0,7.0,4.0,0.0,5.0,0.0,0.0,0.0,0.0,0.0,300.0,86.0,0.0,13000.0,265.378176,0.0,0.0,0.0,8.0,5.0
0.0,0.0,123.0,1,1,0,1,1,0.5,0.5,0.5,0.499517,0.499517,0.499517,0.0,0.0,0.0,2,0.499517,0.5,0.0,0.000483,1.0,13.37,0.0,0.0,0.0,1.0,0.0,1.0,0.0,0.0,0.0,0.0,13.37,13.37,13.37,0.0,0.0,0.0,0.0,0.0,0.0,0.0,1.0
161.55,0.63,324.37,2,2,0,2,2,23.657924,77.342076,50.5,0.090856,100.90816,50.499508,0.0,0.0,0.0,4,100.9990158,101.0,0.0,0.000984218,0.0,0.0,0.0,0.0,0.0,0.0,0.0,0.0,0.0,0.0,0.0,0.0,0.0,0.0,0.0,0.0,0.0,0.0,0.0,0.0,0.0,0.0,0.0
3.07,3083.63,101857.85,32,33,0,2,1,0.265,14.99,6.5821570000000005,0.26458,14.989579999999998,6.7874300000000005,0.0,0.0,0.0,65,217.1977444,217.2111844,0.0,0.01344,0.0,0.0,0.0,0.0,0.0,0.0,0.0,0.0,0.0,0.0,0.0,0.0,0.0,0.0,0.0,0.0,0.0,0.0,0.0,0.0,0.0,0.0,0.0
0.0,0.0,302.22,1,1,0,1,1,1.0,1.0,1.0,0.99938,0.99938,0.99938,0.0,0.0,0.0,2,0.99938,1.0,0.0,0.00062,0.0,0.0,0.0,0.0,0.0,0.0,0.0,0.0,0.0,0.0,0.0,0.0,0.0,0.0,0.0,0.0,0.0,0.0,0.0,0.0,0.0,0.0,0.0
156.95,0.0,313.9,2,1,0,1,2,101.0,101.0,101.0,0.1,100.899016,50.499508,0.0,0.0,0.0,3,100.9990158,101.0,0.0,0.000984218,0.0,0.0,0.0,0.0,0.0,0.0,0.0,0.0,0.0,0.0,0.0,0.0,0.0,0.0,0.0,0.0,0.0,0.0,0.0,0.0,0.0,0.0,0.0
0.0,0.0,0.0,0,0,0,0,0,0.0,0.0,0.0,0.0,0.0,0.0,0.0,0.0,0.0,0,0.0,0.0,0.0,0.0,0.0,0.0,0.0,0.0,0.0,0.0,0.0,0.0,0.0,0.0,0.0,0.0,0.0,0.0,0.0,0.0,0.0,0.0,0.0,0.0,0.0,0.0,0.0
0.0,1617.2,198915.27,0,123,1,3,0,0.0,0.643474,0.257312,0.0,0.0,0.0,0.0,0.0,0.0,124,0.0,31.6493834,0.0,31.6493834,2.0,1.44662593,0.0,0.0,0.0,2.0,0.0,2.0,0.0,0.0,0.0,0.0,0.568697,0.8779290000000001,0.723313,0.0,0.0,0.0,0.0,0.0,0.0,0.0,2.0
165.75,0.06,331.75,2,4,0,4,2,11.593335,36.999496,25.25,3.0,97.998974,50.499487,0.0,0.0,0.0,6,100.9989738,101.0,0.0,0.001026218,0.0,0.0,0.0,0.0,0.0,0.0,0.0,0.0,0.0,0.0,0.0,0.0,0.0,0.0,0.0,0.0,0.0,0.0,0.0,0.0,0.0,0.0,0.0
2.06,1411.11,2826.33,2,2,0,2,1,3.999559,5.0,4.499779,3.99911,4.999418,4.499264,0.0,0.0,0.0,4,8.998528158,8.999559,0.0,0.001030842,0.0,0.0,0.0,0.0,0.0,0.0,0.0,0.0,0.0,0.0,0.0,0.0,0.0,0.0,0.0,0.0,0.0,0.0,0.0,0.0,0.0,0.0,0.0
3.33,17423.46,52280.37,3,3,0,3,1,1.0,3.106423,2.038419,0.989485,3.105523,2.034238,0.0,0.0,0.0,6,6.1027133110000005,6.11525632,0.0,0.012543009,0.0,0.0,0.0,0.0,0.0,0.0,0.0,0.0,0.0,0.0,0.0,0.0,0.0,0.0,0.0,0.0,0.0,0.0,0.0,0.0,0.0,0.0,0.0
12.89,20.6,168569.23,4858,5142,0,6,1,0.095006,8.0,0.136453,0.091649,8.132798,0.141071,0.0,0.0,0.0,10000,685.3220913,701.642526,0.0,16.320434699999996,0.0,0.0,0.0,0.0,0.0,0.0,0.0,0.0,0.0,0.0,0.0,0.0,0.0,0.0,0.0,0.0,0.0,0.0,0.0,0.0,0.0,0.0,0.0
2.66,0.0,7.98,3,2,0,2,3,512.363981,1488.636019,1000.5,25.3479,1494.2945949999996,666.999528,0.0,0.0,0.0,5,2000.998585,2001.0,0.0,0.001414909,0.0,0.0,0.0,0.0,0.0,0.0,0.0,0.0,0.0,0.0,0.0,0.0,0.0,0.0,0.0,0.0,0.0,0.0,0.0,0.0,0.0,0.0,0.0
10.12,5456.04,1000215.17,174,183,0,2,2,0.027535,0.415148,0.083714,0.000192,0.367907,0.087013,0.0,0.0,0.0,357,15.14028486,15.31967936,0.0,0.1793944999999999,0.0,0.0,0.0,0.0,0.0,0.0,0.0,0.0,0.0,0.0,0.0,0.0,0.0,0.0,0.0,0.0,0.0,0.0,0.0,0.0,0.0,0.0,0.0
0.0,0.0,41.7,1,1,0,1,1,0.378043,0.378043,0.378043,0.376996,0.376996,0.376996,0.0,0.0,0.0,2,0.376996293,0.37804325,0.0,0.001046957,0.0,0.0,0.0,0.0,0.0,0.0,0.0,0.0,0.0,0.0,0.0,0.0,0.0,0.0,0.0,0.0,0.0,0.0,0.0,0.0,0.0,0.0,0.0
1681.21,5492.54,156590.2,18,23,0,19,7,0.004731,0.5,0.106172,0.00811,0.49,0.135004,0.0,0.0,0.0,41,2.430080804,2.441945804,0.0,0.011865,0.0,0.0,0.0,0.0,0.0,0.0,0.0,0.0,0.0,0.0,0.0,0.0,0.0,0.0,0.0,0.0,0.0,0.0,0.0,0.0,0.0,0.0,0.0
246.85,217.12,1145.07,2,3,0,3,1,0.0034,1.04065,0.392483,0.13298,1.0436299999999998,0.588305,0.0,0.0,0.0,5,1.17661037,1.17745037,0.0,0.00084,1.0,6.66e-16,0.0,0.0,0.0,1.0,0.0,1.0,0.0,0.0,0.0,0.0,0.0,0.0,0.0,0.0,0.0,0.0,0.0,0.0,0.0,0.0,1.0
0.0,20.26,526.63,0,26,1,7,0,0.0,4.0,0.5488460000000001,0.0,0.0,0.0,0.0,0.0,0.0,27,0.0,14.27,0.0,14.27,1.0,1.337,0.0,0.0,0.0,1.0,0.0,1.0,0.0,0.0,0.0,0.0,1.337,1.337,1.337,0.0,0.0,0.0,0.0,0.0,0.0,0.0,1.0
163.69,0.0,327.38,2,1,0,1,2,101.0,101.0,101.0,0.7797270000000001,100.219288,50.499508,0.0,0.0,0.0,3,100.9990158,101.0,0.0,0.000984218,0.0,0.0,0.0,0.0,0.0,0.0,0.0,0.0,0.0,0.0,0.0,0.0,0.0,0.0,0.0,0.0,0.0,0.0,0.0,0.0,0.0,0.0,0.0
2.89,0.0,8.68,3,2,0,2,3,963.363985,1037.636015,1000.5,5.03,1339.577573,666.999528,0.0,0.0,0.0,5,2000.998585,2001.0,0.0,0.001414909,0.0,0.0,0.0,0.0,0.0,0.0,0.0,0.0,0.0,0.0,0.0,0.0,0.0,0.0,0.0,0.0,0.0,0.0,0.0,0.0,0.0,0.0,0.0
0.0,124.96,682390.27,0,5461,1,4,0,0.0,180.543075,3.277248,0.0,0.0,0.0,0.0,0.0,0.0,5462,0.0,17897.04971,0.0,17897.04971,5.0,624.1347376,0.0,0.0,0.0,4.0,0.0,5.0,0.0,0.0,0.0,0.0,0.0,600.0,124.826948,0.0,0.0,0.0,0.0,0.0,0.0,0.0,5.0
163.97,0.0,327.93,2,1,0,1,2,101.0,101.0,101.0,0.152583,100.846433,50.499508,0.0,0.0,0.0,3,100.9990158,101.0,0.0,0.000984218,0.0,0.0,0.0,0.0,0.0,0.0,0.0,0.0,0.0,0.0,0.0,0.0,0.0,0.0,0.0,0.0,0.0,0.0,0.0,0.0,0.0,0.0,0.0
708.13,809.38,11431.97,7,8,0,8,6,0.041384,4.499139,0.987099,0.1,4.302371,1.12804,0.0,0.0,0.0,15,7.89627944,7.89678839,0.0,0.00050895,0.0,0.0,0.0,0.0,0.0,0.0,0.0,0.0,0.0,0.0,0.0,0.0,0.0,0.0,0.0,0.0,0.0,0.0,0.0,0.0,0.0,0.0,0.0
105.32,1.23,318.42,3,2,0,2,3,21.813239000000006,79.186761,50.5,19.852158,59.621446,33.666179,0.0,0.0,0.0,5,100.9985356,101.0,0.0,0.001464437,0.0,0.0,0.0,0.0,0.0,0.0,0.0,0.0,0.0,0.0,0.0,0.0,0.0,0.0,0.0,0.0,0.0,0.0,0.0,0.0,0.0,0.0,0.0
0.0,0.0,17.65,1,1,0,1,1,0.05,0.05,0.05,0.049418,0.049418,0.049418,0.0,0.0,0.0,2,0.049418468,0.05,0.0,0.000581532,0.0,0.0,0.0,0.0,0.0,0.0,0.0,0.0,0.0,0.0,0.0,0.0,0.0,0.0,0.0,0.0,0.0,0.0,0.0,0.0,0.0,0.0,0.0
0.0,0.0,0.0,0,0,0,0,0,0.0,0.0,0.0,0.0,0.0,0.0,0.0,0.0,0.0,0,0.0,0.0,0.0,0.0,1.0,13.37,0.0,0.0,0.0,1.0,0.0,1.0,0.0,0.0,0.0,0.0,13.37,13.37,13.37,0.0,0.0,0.0,0.0,0.0,0.0,0.0,1.0
26.27,0.13,79.08,3,2,0,2,3,43.443796,57.556204,50.5,0.5,92.432829,33.666163,0.0,0.0,0.0,5,100.998488,101.0,0.0,0.001512,0.0,0.0,0.0,0.0,0.0,0.0,0.0,0.0,0.0,0.0,0.0,0.0,0.0,0.0,0.0,0.0,0.0,0.0,0.0,0.0,0.0,0.0,0.0
0.0,1522.31,3286.13,1,2,0,2,1,0.009672,1.0,0.504836,1.009189,1.009189,1.009189,0.0,0.0,0.0,3,1.009189305,1.009672305,0.0,0.000483,1.0,13.37,0.0,0.0,0.0,1.0,0.0,1.0,0.0,0.0,0.0,0.0,13.37,13.37,13.37,0.0,0.0,0.0,0.0,0.0,0.0,0.0,1.0
10593.89,6211.76,465792.2,34,17,0,10,17,0.0001,14.16,3.810782,0.0,9.0,1.903882,0.0,0.0,0.0,51,64.732,64.7833,0.0,0.0513,17.0,93118.53383,93116.2722,0.0,2.0,8.0,0.0,7.0,0.0,0.0,0.0,0.0,0.0,59800.0,7759.877818999998,76.7722,59600.0,18623.25444,0.0,0.0,0.0,4.0,7.0
0.0,0.0,0.0,0,0,0,0,0,0.0,0.0,0.0,0.0,0.0,0.0,0.0,0.0,0.0,0,0.0,0.0,0.0,0.0,0.0,0.0,0.0,0.0,0.0,0.0,0.0,0.0,0.0,0.0,0.0,0.0,0.0,0.0,0.0,0.0,0.0,0.0,0.0,0.0,0.0,0.0,0.0
503.22,243.59,7743.75,12,7,0,5,12,0.0017,15.000528,2.942177,0.028081,5.748366000000001,1.858844,0.0,0.0,0.0,19,22.30612903,20.59523835,0.0,-1.710890677,0.0,0.0,0.0,0.0,0.0,0.0,0.0,0.0,0.0,0.0,0.0,0.0,0.0,0.0,0.0,0.0,0.0,0.0,0.0,0.0,0.0,0.0,0.0
0.0,0.0,438.3,1,1,0,1,1,0.049346,0.049346,0.049346,0.048726,0.048726,0.048726,0.0,0.0,0.0,2,0.04872623,0.04934623,0.0,0.00062,0.0,0.0,0.0,0.0,0.0,0.0,0.0,0.0,0.0,0.0,0.0,0.0,0.0,0.0,0.0,0.0,0.0,0.0,0.0,0.0,0.0,0.0,0.0
230.52,4123.1,912647.1,203,210,0,3,4,0.017877,2.494,0.334369,0.016617,2.493265,0.345122,0.0,0.0,0.0,413,70.05978547,70.21749861,0.0,0.15771314,1.0,100.0,0.0,0.0,0.0,1.0,0.0,1.0,0.0,0.0,0.0,0.0,100.0,100.0,100.0,0.0,0.0,0.0,0.0,0.0,0.0,0.0,1.0
22.62,0.0,67.87,3,1,0,1,3,101.0,101.0,101.0,0.01,56.349735,33.666149,0.0,0.0,0.0,4,100.998446,101.0,0.0,0.0015539999999999,0.0,0.0,0.0,0.0,0.0,0.0,0.0,0.0,0.0,0.0,0.0,0.0,0.0,0.0,0.0,0.0,0.0,0.0,0.0,0.0,0.0,0.0,0.0
8088.17,12594.02,214910.02,11,10,0,10,3,0.074209,1.337412,0.427247,0.003711,1.336202,0.387867,0.0,0.0,0.0,21,4.266531978,4.2724719,0.0,0.0059399219999999,0.0,0.0,0.0,0.0,0.0,0.0,0.0,0.0,0.0,0.0,0.0,0.0,0.0,0.0,0.0,0.0,0.0,0.0,0.0,0.0,0.0,0.0,0.0
0.0,0.0,0.0,0,0,0,0,0,0.0,0.0,0.0,0.0,0.0,0.0,0.0,0.0,0.0,0,0.0,0.0,0.0,0.0,1.0,1.337,0.0,0.0,0.0,1.0,0.0,1.0,0.0,0.0,0.0,0.0,1.337,1.337,1.337,0.0,0.0,0.0,0.0,0.0,0.0,0.0,1.0
2.41,0.0,9.63,4,2,0,2,4,940.070967,1060.929033,1000.5,0.001078,1322.172115,500.249528,0.0,0.0,0.0,6,2000.998113,2001.0,0.0,0.001886545,0.0,0.0,0.0,0.0,0.0,0.0,0.0,0.0,0.0,0.0,0.0,0.0,0.0,0.0,0.0,0.0,0.0,0.0,0.0,0.0,0.0,0.0,0.0
0.0,0.0,0.0,0,0,0,0,0,0.0,0.0,0.0,0.0,0.0,0.0,0.0,0.0,0.0,0,0.0,0.0,0.0,0.0,1.0,1.337,0.0,0.0,0.0,1.0,0.0,1.0,0.0,0.0,0.0,0.0,1.337,1.337,1.337,0.0,0.0,0.0,0.0,0.0,0.0,0.0,1.0
0.0,0.0,3.68,1,1,0,1,1,4.99,4.99,4.99,4.98916,4.98916,4.98916,0.0,0.0,0.0,2,4.98916,4.99,0.0,0.00084,0.0,0.0,0.0,0.0,0.0,0.0,0.0,0.0,0.0,0.0,0.0,0.0,0.0,0.0,0.0,0.0,0.0,0.0,0.0,0.0,0.0,0.0,0.0
6180.19,3503.34,551924.28,74,27,0,14,38,0.002108,15.0,3.704406,0.0,15.0,1.856308,0.0,0.0,0.0,101,137.366829,100.0189594,0.0,-37.34786957,88.0,2510786.956,2490621.586,0.0,16.0,37.0,0.0,48.0,0.0,0.0,0.0,0.0,0.0,1973581.0,46496.05474,0.0,2286388.0,73253.57606,0.0,0.0,0.0,17.0,47.0
5927.95,54445.39,313722.65,7,5,0,3,7,0.01,0.222464,0.095539,0.0,0.16821,0.0677059999999999,0.0,0.0,0.0,12,0.473939248,0.47769724,0.0,0.003757992,5.0,32027.17163,31.17163127,0.0,2.0,3.0,0.0,3.0,0.0,0.0,0.0,0.0,0.0,31996.0,10675.72388,0.0,31.171631,15.585816,0.0,0.0,0.0,2.0,3.0
15.69,9.73,66.53,3,2,0,2,3,26.282545,74.717455,50.5,3.216948,90.028611,33.665988,0.0,0.0,0.0,5,100.9979647,101.0,0.0,0.002035312,0.0,0.0,0.0,0.0,0.0,0.0,0.0,0.0,0.0,0.0,0.0,0.0,0.0,0.0,0.0,0.0,0.0,0.0,0.0,0.0,0.0,0.0,0.0
0.0,774.18,3917.42,1,5,0,4,1,0.19,0.73577,0.504877,2.523901,2.523901,2.523901,0.0,0.0,0.0,6,2.52390117,2.52438417,0.0,0.000483,1.0,13.37,0.0,0.0,0.0,1.0,0.0,1.0,0.0,0.0,0.0,0.0,13.37,13.37,13.37,0.0,0.0,0.0,0.0,0.0,0.0,0.0,1.0
0.0,3147.89,428113.35,0,136,1,10,0,0.0,1.005306,0.55766,0.0,0.0,0.0,0.0,0.0,0.0,137,0.0,75.84180145,0.0,75.84180145,2.0,2.008800651,0.0,0.0,0.0,2.0,0.0,2.0,0.0,0.0,0.0,0.0,0.8020550000000001,1.206746,1.0044,0.0,0.0,0.0,0.0,0.0,0.0,0.0,2.0
0.0,2489.33,229018.6,0,92,1,4,0,0.0,3.0,0.942265,0.0,0.0,0.0,0.0,0.0,0.0,93,0.0,86.68837385,0.0,86.68837385,3.0,4.325148387,0.0,0.0,0.0,3.0,0.0,3.0,0.0,0.0,0.0,0.0,0.741622,2.0,1.441716,0.0,0.0,0.0,0.0,0.0,0.0,0.0,3.0
161.78,0.84,325.23,2,2,0,2,2,32.053552,68.946448,50.5,0.022324,100.976691,50.499508,0.0,0.0,0.0,4,100.9990158,101.0,0.0,0.000984218,0.0,0.0,0.0,0.0,0.0,0.0,0.0,0.0,0.0,0.0,0.0,0.0,0.0,0.0,0.0,0.0,0.0,0.0,0.0,0.0,0.0,0.0,0.0
159.08,0.0,318.15,2,1,0,1,2,101.0,101.0,101.0,0.057726,100.941289,50.499508,0.0,0.0,0.0,3,100.9990158,101.0,0.0,0.000984218,0.0,0.0,0.0,0.0,0.0,0.0,0.0,0.0,0.0,0.0,0.0,0.0,0.0,0.0,0.0,0.0,0.0,0.0,0.0,0.0,0.0,0.0,0.0
0.0,470.75,5585.9,1,10,0,10,1,0.7692869999999999,5.13,2.10598,21.057,21.057,21.057,0.0,0.0,0.0,11,21.057,21.05979583,0.0,0.002795828,1.0,1.337,0.0,0.0,0.0,1.0,0.0,1.0,0.0,0.0,0.0,0.0,1.337,1.337,1.337,0.0,0.0,0.0,0.0,0.0,0.0,0.0,1.0
141.06,16562.46,66814.1,4,4,0,4,1,0.44,20.0,8.11,0.439559,19.99958,8.109575,0.0,0.0,0.0,8,32.438299,32.44,0.0,0.001701,0.0,0.0,0.0,0.0,0.0,0.0,0.0,0.0,0.0,0.0,0.0,0.0,0.0,0.0,0.0,0.0,0.0,0.0,0.0,0.0,0.0,0.0,0.0
21.52,0.0,64.57,3,1,0,1,3,101.0,101.0,101.0,0.59,94.931268,33.665988,0.0,0.0,0.0,4,100.9979647,101.0,0.0,0.002035312,0.0,0.0,0.0,0.0,0.0,0.0,0.0,0.0,0.0,0.0,0.0,0.0,0.0,0.0,0.0,0.0,0.0,0.0,0.0,0.0,0.0,0.0,0.0
11641.32,25655.19,741406.48,13,23,0,11,11,0.002362,2.190726,0.322257,0.0,2.0,0.569458,0.0,0.0,0.0,36,7.402950108,7.411904302999999,0.0,0.008954195,23.0,10456.1213,845.1156269999999,0.0,5.0,14.0,0.0,16.0,0.0,0.0,0.0,0.0,0.0,8888.0,580.895628,0.0,440.406539,169.023125,0.0,0.0,0.0,5.0,16.0
0.0,9946.53,198930.6,0,20,1,6,0,0.0,115.071575,22.318661,0.0,0.0,0.0,0.0,0.0,0.0,21,0.0,446.3732223,0.0,446.3732223,3.0,607.6789368999998,0.0,0.0,0.0,3.0,0.0,3.0,0.0,0.0,0.0,0.0,0.7752819999999999,600.0,202.559646,0.0,0.0,0.0,0.0,0.0,0.0,0.0,3.0
9510.07,3245.11,408841.33,29,41,0,4,8,0.0,550.0,31.637018,0.0,240.0,49.810345,0.0,0.0,0.0,70,1444.5,1297.117758,0.0,-147.38224219999995,17.0,0.001400242,2500.0,0.0,5.0,3.0,0.0,4.0,0.0,0.0,0.0,0.0,0.0,0.0014,0.000175,0.0,2500.0,277.777778,0.0,0.0,0.0,4.0,4.0
2.5,24131.49,96535.98,4,4,0,2,1,40.5391,300.0,141.383525,40.537394,299.9993,141.382592,0.0,0.0,0.0,8,565.5303691,565.5341,0.0,0.003730932,0.0,0.0,0.0,0.0,0.0,0.0,0.0,0.0,0.0,0.0,0.0,0.0,0.0,0.0,0.0,0.0,0.0,0.0,0.0,0.0,0.0,0.0,0.0
0.0,0.0,192.87,1,1,0,1,1,3.0,3.0,3.0,2.9909,2.9909,2.9909,0.0,0.0,0.0,2,2.9909,3.0,0.0,0.0091,0.0,0.0,0.0,0.0,0.0,0.0,0.0,0.0,0.0,0.0,0.0,0.0,0.0,0.0,0.0,0.0,0.0,0.0,0.0,0.0,0.0,0.0,0.0
13.74,8508.45,374976.42,44,44,0,2,2,0.005246,0.1,0.029037,0.004826,0.099544,0.028289,0.0,0.0,0.0,88,1.244697349,1.277645881,0.0,0.032948531,0.0,0.0,0.0,0.0,0.0,0.0,0.0,0.0,0.0,0.0,0.0,0.0,0.0,0.0,0.0,0.0,0.0,0.0,0.0,0.0,0.0,0.0,0.0
6789.34,24565.42,600924.42,27,17,0,11,19,0.001596,59.875,11.312546,0.0,59.878799,9.478637,0.0,0.0,0.0,44,255.9231992,192.3132888,0.0,-63.60991038,15.0,446023.6189,333749.3838,0.0,4.0,10.0,0.0,9.0,0.0,0.0,0.0,0.0,0.0,150525.0,44602.36189,3675.0,150525.0,66749.87676,0.0,0.0,0.0,4.0,8.0
2.48,0.0,7.45,3,2,0,2,3,644.748373,1356.251627,1000.5,0.025212,1632.02954,666.999528,0.0,0.0,0.0,5,2000.998585,2001.0,0.0,0.001414909,0.0,0.0,0.0,0.0,0.0,0.0,0.0,0.0,0.0,0.0,0.0,0.0,0.0,0.0,0.0,0.0,0.0,0.0,0.0,0.0,0.0,0.0,0.0
0.0,0.0,135481.13,1,1,0,1,1,0.146215,0.146215,0.146215,0.145774,0.145774,0.145774,0.0,0.0,0.0,2,0.145773746,0.146214746,0.0,0.000441,1.0,0.011013815,0.0,0.0,0.0,1.0,0.0,1.0,0.0,0.0,0.0,0.0,0.011014,0.011014,0.011014,0.0,0.0,0.0,0.0,0.0,0.0,0.0,1.0
2.29,0.51,7.88,3,2,0,2,3,555.510825,1445.489175,1000.5,60.16005500000001,1732.464131,666.999528,0.0,0.0,0.0,5,2000.998585,2001.0,0.0,0.001414909,0.0,0.0,0.0,0.0,0.0,0.0,0.0,0.0,0.0,0.0,0.0,0.0,0.0,0.0,0.0,0.0,0.0,0.0,0.0,0.0,0.0,0.0,0.0
0.0,0.0,0.0,0,0,0,0,0,0.0,0.0,0.0,0.0,0.0,0.0,0.0,0.0,0.0,0,0.0,0.0,0.0,0.0,1.0,1.337,0.0,0.0,0.0,1.0,0.0,1.0,0.0,0.0,0.0,0.0,1.337,1.337,1.337,0.0,0.0,0.0,0.0,0.0,0.0,0.0,1.0
2.86,0.0,8.58,3,2,0,2,3,560.113837,1440.886163,1000.5,2.0,1886.261525,666.999528,0.0,0.0,0.0,5,2000.998585,2001.0,0.0,0.001414909,0.0,0.0,0.0,0.0,0.0,0.0,0.0,0.0,0.0,0.0,0.0,0.0,0.0,0.0,0.0,0.0,0.0,0.0,0.0,0.0,0.0,0.0,0.0
0.0,4147.13,319328.87,0,77,1,5,0,0.0,5.395,0.969396,0.0,0.0,0.0,0.0,0.0,0.0,78,0.0,74.64353029,0.0,74.64353029,2.0,1.3730667769999998,0.0,0.0,0.0,2.0,0.0,2.0,0.0,0.0,0.0,0.0,0.166152,1.206915,0.686533,0.0,0.0,0.0,0.0,0.0,0.0,0.0,2.0
262976.0,0.0,525952.0,2,1,0,1,2,0.2,0.2,0.2,0.083,0.11574,0.09937,0.0,0.0,0.0,3,0.19874,0.2,0.0,0.00126,2.0,2.202720526,0.0,0.0,0.0,2.0,0.0,2.0,0.0,0.0,0.0,0.0,0.0,2.202721,1.10136,0.0,0.0,0.0,0.0,0.0,0.0,0.0,2.0
10.53,16377.38,344146.08,21,21,0,6,1,0.554059,50.0,11.571645,0.553312,49.993854,11.569287,0.0,0.0,0.0,42,242.9550172,243.00455,0.0,0.049532776,0.0,0.0,0.0,0.0,0.0,0.0,0.0,0.0,0.0,0.0,0.0,0.0,0.0,0.0,0.0,0.0,0.0,0.0,0.0,0.0,0.0,0.0,0.0
2.23,0.0,8.92,4,2,0,2,4,430.844128,1570.155872,1000.5,0.001078,1900.529431,500.249528,0.0,0.0,0.0,6,2000.998113,2001.0,0.0,0.001886545,0.0,0.0,0.0,0.0,0.0,0.0,0.0,0.0,0.0,0.0,0.0,0.0,0.0,0.0,0.0,0.0,0.0,0.0,0.0,0.0,0.0,0.0,0.0
402.95,115111.57,694296.0,9,6,0,4,7,0.0045,192.0,35.057417,0.003972,191.039538,23.371112,0.0,0.0,0.0,15,210.3400098,210.3445002,0.0,0.00449038,0.0,0.0,0.0,0.0,0.0,0.0,0.0,0.0,0.0,0.0,0.0,0.0,0.0,0.0,0.0,0.0,0.0,0.0,0.0,0.0,0.0,0.0,0.0
3478.1,3413.24,113869.17,19,14,0,10,13,0.1,2.1,0.703108,0.01738,1.089668,0.51752,0.0,0.0,0.0,33,9.832884538,9.84350794,0.0,0.010623402,3.0,1003.497332,0.0,0.0,0.0,3.0,0.0,3.0,0.0,0.0,0.0,0.0,1.337,1000.0,334.499111,0.0,0.0,0.0,0.0,0.0,0.0,0.0,3.0
5471.79,6321.19,615585.58,79,29,0,15,40,0.00259,20.99,5.010721,0.0,17.0,1.938295,0.0,0.0,0.0,108,153.12533,145.3109216,0.0,-7.81440836,110.0,1176667.789,1094053.764,0.0,12.0,54.0,0.0,54.0,0.0,0.0,0.0,0.0,0.0,220500.0,13843.15046,0.00529,309950.0,43762.15058,0.0,0.0,0.0,13.0,52.0
222.65,17905.07,361441.22,15,20,0,5,1,0.027292,5.220203,2.890298,0.6190319999999999,5.21937,3.852752,0.0,0.0,0.0,35,57.79127616,57.80595046,0.0,0.014674304,0.0,0.0,0.0,0.0,0.0,0.0,0.0,0.0,0.0,0.0,0.0,0.0,0.0,0.0,0.0,0.0,0.0,0.0,0.0,0.0,0.0,0.0,0.0
1976.45,1758.19,59305.53,22,9,0,4,11,0.4964,39.873314,16.038995,0.0,40.0,6.560608,0.0,0.0,0.0,31,144.3333748,144.3509569,0.0,0.017582067,12.0,230633.0337,230633.0132,0.0,4.0,4.0,0.0,4.0,0.0,0.0,0.0,0.0,0.012432,198000.0,38438.83894,4.0132,198000.0,38438.83553,0.0,0.0,0.0,3.0,4.0
0.0,36572.61,182863.07,0,5,1,3,0,0.0,0.0,0.0,0.0,0.0,0.0,0.0,0.0,0.0,6,0.0,0.0,0.0,0.0,0.0,0.0,0.0,0.0,0.0,0.0,0.0,0.0,0.0,0.0,0.0,0.0,0.0,0.0,0.0,0.0,0.0,0.0,0.0,0.0,0.0,0.0,0.0
0.0,0.0,0.0,0,0,0,0,0,0.0,0.0,0.0,0.0,0.0,0.0,0.0,0.0,0.0,0,0.0,0.0,0.0,0.0,0.0,0.0,0.0,0.0,0.0,0.0,0.0,0.0,0.0,0.0,0.0,0.0,0.0,0.0,0.0,0.0,0.0,0.0,0.0,0.0,0.0,0.0,0.0
24.05,0.0,72.15,3,1,0,1,3,101.0,101.0,101.0,0.05,54.94156,33.666149,0.0,0.0,0.0,4,100.998446,101.0,0.0,0.0015539999999999,0.0,0.0,0.0,0.0,0.0,0.0,0.0,0.0,0.0,0.0,0.0,0.0,0.0,0.0,0.0,0.0,0.0,0.0,0.0,0.0,0.0,0.0,0.0
791.69,2218.5,104068.4,67,23,0,15,29,0.02,246.07676,27.020526,0.0,200.0,9.455127,0.0,0.0,0.0,90,633.4935386,621.4721067,0.0,-12.0214319,57.0,9974.220147,9974.202118,0.0,23.0,12.0,0.0,12.0,0.0,0.0,0.0,0.0,0.0,4306.077955,321.749037,0.0,3306.100665,383.623158,0.0,0.0,0.0,10.0,11.0
0.0,0.0,0.0,0,0,0,0,0,0.0,0.0,0.0,0.0,0.0,0.0,0.0,0.0,0.0,0,0.0,0.0,0.0,0.0,1.0,1.337,0.0,0.0,0.0,1.0,0.0,1.0,0.0,0.0,0.0,0.0,1.337,1.337,1.337,0.0,0.0,0.0,0.0,0.0,0.0,0.0,1.0
0.0,5162.68,345899.4,0,67,1,4,0,0.0,1.026556,0.824167,0.0,0.0,0.0,0.0,0.0,0.0,68,0.0,55.21915942,0.0,55.21915942,4.0,7.555273559,0.0,0.0,0.0,4.0,0.0,4.0,0.0,0.0,0.0,0.0,0.423538,5.0,1.888818,0.0,0.0,0.0,0.0,0.0,0.0,0.0,4.0
0.0,1565.86,192600.78,0,123,1,3,0,0.0,1.333481,0.552005,0.0,0.0,0.0,0.0,0.0,0.0,124,0.0,67.89663928,0.0,67.89663928,2.0,1.955314261,0.0,0.0,0.0,2.0,0.0,2.0,0.0,0.0,0.0,0.0,0.7491329999999999,1.206181,0.977657,0.0,0.0,0.0,0.0,0.0,0.0,0.0,2.0
0.0,1828.89,226782.38,0,124,1,3,0,0.0,1.707459,0.878109,0.0,0.0,0.0,0.0,0.0,0.0,125,0.0,108.8854887,0.0,108.8854887,2.0,3.429131697,0.0,0.0,0.0,2.0,0.0,2.0,0.0,0.0,0.0,0.0,0.8112189999999999,2.617913,1.714566,0.0,0.0,0.0,0.0,0.0,0.0,0.0,2.0
20746.43,13679.01,1226092.45,38,32,0,13,18,0.983485,300.0,54.828862,0.0,200.0,46.433874,0.0,0.0,0.0,70,1764.487222,1754.5235739999996,0.0,-9.96364786,40.0,116984.4969,107409.4529,0.0,11.0,14.0,0.0,17.0,0.0,0.0,0.0,0.0,0.0,62356.0,4874.354036,0.0,30174.22951,6713.090803,0.0,0.0,0.0,11.0,17.0
216.89,46.66,653215.9,1096,8904,0,1646,529,0.0,640.2712799999998,8.338713,0.03,2000.0,51.909624,0.0,0.0,0.0,10000,56892.94749,74247.89855,0.0,17354.95106,135.0,42960759.65,2966114.0,0.0,2.0,58.0,0.0,69.0,0.0,0.0,0.0,0.0,0.0,13331992.0,401502.4266,0.0,700000.0,105932.6429,0.0,0.0,0.0,6.0,69.0
22.62,0.0,67.87,3,1,0,1,3,101.0,101.0,101.0,0.1,51.890124,33.666149,0.0,0.0,0.0,4,100.998446,101.0,0.0,0.0015539999999999,0.0,0.0,0.0,0.0,0.0,0.0,0.0,0.0,0.0,0.0,0.0,0.0,0.0,0.0,0.0,0.0,0.0,0.0,0.0,0.0,0.0,0.0,0.0
3.64,46076.51,92160.3,2,2,0,1,2,5e-05,0.00016,0.000105,0.0,0.0,0.0,0.0,0.0,0.0,4,0.0,0.00021,0.0,0.00021,6.0,17.14300002,15.80600002,0.0,1.0,4.0,0.0,3.0,0.0,0.0,0.0,0.0,0.0,13.806,4.28575,0.0,15.806,7.903,0.0,0.0,0.0,2.0,3.0
5738.98,1077.51,31575.97,4,8,0,7,4,0.0,0.99,0.336922,0.183413,1.842946,0.6726850000000001,0.0,0.0,0.0,12,2.69074141,2.69537441,0.0,0.004633,1.0,13.37,0.0,0.0,0.0,1.0,0.0,1.0,0.0,0.0,0.0,0.0,13.37,13.37,13.37,0.0,0.0,0.0,0.0,0.0,0.0,0.0,1.0
22.99,0.0,68.97,3,1,0,1,3,101.0,101.0,101.0,0.2,65.76065200000001,33.666149,0.0,0.0,0.0,4,100.998446,101.0,0.0,0.0015539999999999,0.0,0.0,0.0,0.0,0.0,0.0,0.0,0.0,0.0,0.0,0.0,0.0,0.0,0.0,0.0,0.0,0.0,0.0,0.0,0.0,0.0,0.0,0.0
163.43,0.0,326.85,2,1,0,1,2,101.0,101.0,101.0,0.004906,100.99411,50.499508,0.0,0.0,0.0,3,100.9990158,101.0,0.0,0.000984218,0.0,0.0,0.0,0.0,0.0,0.0,0.0,0.0,0.0,0.0,0.0,0.0,0.0,0.0,0.0,0.0,0.0,0.0,0.0,0.0,0.0,0.0,0.0
157.78,0.0,315.57,2,1,0,1,2,101.0,101.0,101.0,0.251393,100.747623,50.499508,0.0,0.0,0.0,3,100.9990158,101.0,0.0,0.000984218,0.0,0.0,0.0,0.0,0.0,0.0,0.0,0.0,0.0,0.0,0.0,0.0,0.0,0.0,0.0,0.0,0.0,0.0,0.0,0.0,0.0,0.0,0.0
0.97,1933.24,27078.93,14,14,0,3,2,4.995,94.390763,36.645496,4.99416,94.389923,36.644656,0.0,0.0,0.0,28,513.0251883999998,513.0369484,0.0,0.01176,0.0,0.0,0.0,0.0,0.0,0.0,0.0,0.0,0.0,0.0,0.0,0.0,0.0,0.0,0.0,0.0,0.0,0.0,0.0,0.0,0.0,0.0,0.0
0.0,0.0,2364.45,1,1,0,1,1,0.012394,0.012394,0.012394,0.011774,0.011774,0.011774,0.0,0.0,0.0,2,0.01177443,0.01239443,0.0,0.00062,0.0,0.0,0.0,0.0,0.0,0.0,0.0,0.0,0.0,0.0,0.0,0.0,0.0,0.0,0.0,0.0,0.0,0.0,0.0,0.0,0.0,0.0,0.0
2.9,9311.69,83831.33,9,9,0,6,1,0.7168359999999999,48.044585,24.472503,0.7164159999999999,48.044165,24.472083,0.0,0.0,0.0,18,220.2487461,220.2525261,0.0,0.00378,0.0,0.0,0.0,0.0,0.0,0.0,0.0,0.0,0.0,0.0,0.0,0.0,0.0,0.0,0.0,0.0,0.0,0.0,0.0,0.0,0.0,0.0,0.0
7.02,335.01,29514.53,148,85,0,76,119,0.0031,17.2,1.486016,0.0,40.0,0.850223,0.0,0.0,0.0,233,125.8329699,126.3113213,0.0,0.478351338,327.0,2459664.8340000003,2459414.8340000003,0.0,2.0,130.0,0.0,100.0,0.0,0.0,0.0,0.0,0.0,493395.25,11602.19261,0.0,907024.4,21386.21595,0.0,0.0,0.0,97.0,100.0
0.0,696.71,15722.88,1,14,0,14,1,0.005196,2.494,0.6365529999999999,9.410875,9.410875,9.410875,0.0,0.0,0.0,15,9.41087529,8.91173629,0.0,-0.4991390000000001,1.0,1.337,0.0,0.0,0.0,1.0,0.0,1.0,0.0,0.0,0.0,0.0,1.337,1.337,1.337,0.0,0.0,0.0,0.0,0.0,0.0,0.0,1.0
165.1,0.0,330.2,2,1,0,1,2,101.0,101.0,101.0,1.0,100.99736,50.99868,0.0,0.0,0.0,3,101.9973598,101.0,0.0,-0.997359782,0.0,0.0,0.0,0.0,0.0,0.0,0.0,0.0,0.0,0.0,0.0,0.0,0.0,0.0,0.0,0.0,0.0,0.0,0.0,0.0,0.0,0.0,0.0
16.92,0.0,50.75,3,1,0,1,3,101.0,101.0,101.0,4.0,81.648451,33.666149,0.0,0.0,0.0,4,100.998446,101.0,0.0,0.0015539999999999,0.0,0.0,0.0,0.0,0.0,0.0,0.0,0.0,0.0,0.0,0.0,0.0,0.0,0.0,0.0,0.0,0.0,0.0,0.0,0.0,0.0,0.0,0.0
0.0,3291.9,319314.0,0,97,1,4,0,0.0,1.046938,0.438296,0.0,0.0,0.0,0.0,0.0,0.0,98,0.0,42.51475574,0.0,42.51475574,4.0,4.19785956,0.0,0.0,0.0,4.0,0.0,4.0,0.0,0.0,0.0,0.0,0.0,2.903485,1.049465,0.0,0.0,0.0,0.0,0.0,0.0,0.0,4.0
0.0,8745.85,201154.47,0,23,1,4,0,0.0,1.002585,0.605083,0.0,0.0,0.0,0.0,0.0,0.0,24,0.0,13.91691037,0.0,13.91691037,0.0,0.0,0.0,0.0,0.0,0.0,0.0,0.0,0.0,0.0,0.0,0.0,0.0,0.0,0.0,0.0,0.0,0.0,0.0,0.0,0.0,0.0,0.0
0.0,1927.39,17147.72,1,6,0,2,1,0.718625,30.0,10.119771,60.717575,60.717575,60.717575,0.0,0.0,0.0,7,60.717575,60.718625,0.0,0.00105,0.0,0.0,0.0,0.0,0.0,0.0,0.0,0.0,0.0,0.0,0.0,0.0,0.0,0.0,0.0,0.0,0.0,0.0,0.0,0.0,0.0,0.0,0.0
0.0,0.0,78231.1,1,1,0,1,1,0.5,0.5,0.5,0.4991390000000001,0.4991390000000001,0.4991390000000001,0.0,0.0,0.0,2,0.4991390000000001,0.5,0.0,0.0008609999999999,1.0,1.337,0.0,0.0,0.0,1.0,0.0,1.0,0.0,0.0,0.0,0.0,1.337,1.337,1.337,0.0,0.0,0.0,0.0,0.0,0.0,0.0,1.0
162.58,0.3,325.77,2,2,0,2,2,29.012818,71.98718199999998,50.5,0.133444,100.865571,50.499508,0.0,0.0,0.0,4,100.9990158,101.0,0.0,0.000984218,0.0,0.0,0.0,0.0,0.0,0.0,0.0,0.0,0.0,0.0,0.0,0.0,0.0,0.0,0.0,0.0,0.0,0.0,0.0,0.0,0.0,0.0,0.0
4497.07,1001.04,425265.47,89,25,0,11,50,0.015,12.995,4.3468860000000005,0.0,12.0,1.368765,0.0,0.0,0.0,114,121.8201,108.67214479999998,0.0,-13.14795523,90.0,1121363.199,1153631.685,0.0,13.0,26.0,0.0,37.0,0.0,0.0,0.0,0.0,0.0,900000.0,20388.4218,0.0,900000.0,32960.90527,0.0,0.0,0.0,25.0,37.0
21.63,0.0,64.9,3,1,0,1,3,101.0,101.0,101.0,5.10765,85.813199,33.666149,0.0,0.0,0.0,4,100.998446,101.0,0.0,0.0015539999999999,0.0,0.0,0.0,0.0,0.0,0.0,0.0,0.0,0.0,0.0,0.0,0.0,0.0,0.0,0.0,0.0,0.0,0.0,0.0,0.0,0.0,0.0,0.0
162.69,0.0,325.38,2,1,0,1,2,101.0,101.0,101.0,0.854525,100.14449,50.499508,0.0,0.0,0.0,3,100.9990158,101.0,0.0,0.000984218,0.0,0.0,0.0,0.0,0.0,0.0,0.0,0.0,0.0,0.0,0.0,0.0,0.0,0.0,0.0,0.0,0.0,0.0,0.0,0.0,0.0,0.0,0.0
22.71,0.0,68.12,3,1,0,1,3,101.0,101.0,101.0,3.061761,87.751576,33.666149,0.0,0.0,0.0,4,100.998446,101.0,0.0,0.0015539999999999,0.0,0.0,0.0,0.0,0.0,0.0,0.0,0.0,0.0,0.0,0.0,0.0,0.0,0.0,0.0,0.0,0.0,0.0,0.0,0.0,0.0,0.0,0.0
34.28,1373.03,547303.7,385,389,0,2,1,1.000004,1.762077,1.015529,0.997172,2.064833,1.025341,0.0,0.0,0.0,774,394.756205,395.0408369,0.0,0.284631892,0.0,0.0,0.0,0.0,0.0,0.0,0.0,0.0,0.0,0.0,0.0,0.0,0.0,0.0,0.0,0.0,0.0,0.0,0.0,0.0,0.0,0.0,0.0
164.42,0.61,330.05,2,2,0,2,2,2.79414,98.20586,50.5,0.154,100.844974,50.499487,0.0,0.0,0.0,4,100.9989738,101.0,0.0,0.001026218,0.0,0.0,0.0,0.0,0.0,0.0,0.0,0.0,0.0,0.0,0.0,0.0,0.0,0.0,0.0,0.0,0.0,0.0,0.0,0.0,0.0,0.0,0.0
157.54,0.0,315.08,2,1,0,1,2,101.0,101.0,101.0,1.0,99.999016,50.499508,0.0,0.0,0.0,3,100.9990158,101.0,0.0,0.000984218,0.0,0.0,0.0,0.0,0.0,0.0,0.0,0.0,0.0,0.0,0.0,0.0,0.0,0.0,0.0,0.0,0.0,0.0,0.0,0.0,0.0,0.0,0.0
11.09,30616.2,244996.18,6,8,0,5,1,0.01,0.488468,0.22358,0.102956,0.490912,0.296689,0.0,0.0,0.0,14,1.78013201,1.78863676,0.0,0.00850475,0.0,0.0,0.0,0.0,0.0,0.0,0.0,0.0,0.0,0.0,0.0,0.0,0.0,0.0,0.0,0.0,0.0,0.0,0.0,0.0,0.0,0.0,0.0
23.33,0.33,70.65,3,2,0,2,3,16.705301000000002,84.294699,50.5,1.0,70.154762,33.666149,0.0,0.0,0.0,5,100.998446,101.0,0.0,0.0015539999999999,0.0,0.0,0.0,0.0,0.0,0.0,0.0,0.0,0.0,0.0,0.0,0.0,0.0,0.0,0.0,0.0,0.0,0.0,0.0,0.0,0.0,0.0,0.0
0.0,0.0,0.0,0,0,0,0,0,0.0,0.0,0.0,0.0,0.0,0.0,0.0,0.0,0.0,0,0.0,0.0,0.0,0.0,0.0,0.0,0.0,0.0,0.0,0.0,0.0,0.0,0.0,0.0,0.0,0.0,0.0,0.0,0.0,0.0,0.0,0.0,0.0,0.0,0.0,0.0,0.0
215.84,4640.02,1002357.82,194,207,0,18,27,0.000234,30.23,11.223954,0.0,70.32915,11.975238,0.0,0.0,0.0,401,2323.196261,2323.358509,0.0,0.162247586,27.0,7686.586254000002,7335.2547,0.0,3.0,8.0,0.0,9.0,0.0,0.0,0.0,0.0,0.0,1796.0,480.411641,0.0,1800.0,666.8413360000002,0.0,0.0,0.0,5.0,9.0
0.0,1621.98,201125.9,0,124,1,2,0,0.0,0.583126,0.280752,0.0,0.0,0.0,0.0,0.0,0.0,125,0.0,34.81321268,0.0,34.81321268,2.0,0.8901910590000001,0.0,0.0,0.0,2.0,0.0,2.0,0.0,0.0,0.0,0.0,0.166824,0.723368,0.445096,0.0,0.0,0.0,0.0,0.0,0.0,0.0,2.0
22681.69,191.99,46899.28,2,8,0,8,2,0.5,4.0,1.313578,0.507759,9.999139,5.253449,0.0,0.0,0.0,10,10.506898,10.50862,0.0,0.0017219999999999,2.0,1.337,0.0,0.0,0.0,2.0,0.0,2.0,0.0,0.0,0.0,0.0,0.0,1.337,0.6685,0.0,0.0,0.0,0.0,0.0,0.0,0.0,2.0
61.03,36.74,394171.35,1103,8897,0,489,488,0.0,1999.998587,9.526978,0.1,5999.999,75.747375,0.0,0.0,0.0,10000,83549.355,84761.52103999999,0.0,1212.166041,15.0,9541.47969,0.0,0.0,0.0,8.0,0.0,13.0,0.0,0.0,0.0,0.0,0.0,4730.216746,636.098646,0.0,0.0,0.0,0.0,0.0,0.0,0.0,13.0
74167.47,76176.24,833921.12,2,9,0,7,2,0.01,14.58,5.506859,2.3,13.0,7.65,0.0,0.0,0.0,11,15.3,49.56172655,0.0,34.26172655,14.0,1509.22385,0.0,0.0,0.0,10.0,0.0,14.0,0.0,0.0,0.0,0.0,0.0,961.440526,107.801704,0.0,0.0,0.0,0.0,0.0,0.0,0.0,14.0
0.0,0.0,26.72,1,1,0,1,1,0.132145,0.132145,0.132145,0.131641,0.131641,0.131641,0.0,0.0,0.0,2,0.13164093,0.13214493,0.0,0.000504,0.0,0.0,0.0,0.0,0.0,0.0,0.0,0.0,0.0,0.0,0.0,0.0,0.0,0.0,0.0,0.0,0.0,0.0,0.0,0.0,0.0,0.0,0.0
385.56,3076.03,1047105.15,2636,10,0,5,19,0.0,200.0,36.958411,0.0,70.003,0.92598,0.0,0.0,0.0,2646,2440.8834,369.5841148,0.0,-2071.299285,64.0,216846.7615,9642.101129,0.0,7.0,42.0,0.0,44.0,0.0,0.0,0.0,0.0,0.0,69824.43,3872.263599,0.0,7281.815637999999,1205.262641,0.0,0.0,0.0,7.0,44.0
5246.94,3796.31,499045.68,64,43,0,23,30,9.1e-05,23.248651,4.622113,0.0,20.0,3.102742,0.0,0.0,0.0,107,198.5754565,198.7508386,0.0,0.175382055,43.0,5955.56184,4932.791361,0.0,16.0,20.0,0.0,20.0,0.0,0.0,0.0,0.0,0.0,3356.2382299999995,220.576364,0.0,1142.817032,308.29946,0.0,0.0,0.0,6.0,20.0
0.0,0.0,1.85,1,1,0,1,1,10.0,10.0,10.0,9.99938,9.99938,9.99938,0.0,0.0,0.0,2,9.99938,10.0,0.0,0.00062,0.0,0.0,0.0,0.0,0.0,0.0,0.0,0.0,0.0,0.0,0.0,0.0,0.0,0.0,0.0,0.0,0.0,0.0,0.0,0.0,0.0,0.0,0.0
49127.28,110.88,295207.17,6,4,0,3,6,0.700026,3.483335,2.666938,0.0,5.15,1.7771669999999995,0.0,0.0,0.0,10,10.663,10.66775107,0.0,0.00475107,5.0,20539.184,5.0,0.0,1.0,3.0,0.0,3.0,0.0,0.0,0.0,0.0,7.77,20180.614,5134.795999999999,5.0,5.0,5.0,0.0,0.0,0.0,1.0,3.0
0.0,1325.31,128555.55,0,97,1,6,0,0.0,206.372758,54.674138,0.0,0.0,0.0,0.0,0.0,0.0,98,0.0,5303.391356,0.0,5303.391356,4.0,664.8515447000002,0.0,0.0,0.0,4.0,0.0,4.0,0.0,0.0,0.0,0.0,1.0,600.0,166.212886,0.0,0.0,0.0,0.0,0.0,0.0,0.0,4.0
0.0,23.53,400.0,0,17,1,5,0,0.003,7.0,2.291824,0.0,0.0,0.0,0.0,0.0,0.0,18,0.0,38.961,0.0,38.961,0.0,0.0,0.0,0.0,0.0,0.0,0.0,0.0,0.0,0.0,0.0,0.0,0.0,0.0,0.0,0.0,0.0,0.0,0.0,0.0,0.0,0.0,0.0
159.14,0.69,319.67,2,2,0,2,2,45.129696,55.870304,50.5,2.999496,97.99952,50.499508,0.0,0.0,0.0,4,100.9990158,101.0,0.0,0.000984218,0.0,0.0,0.0,0.0,0.0,0.0,0.0,0.0,0.0,0.0,0.0,0.0,0.0,0.0,0.0,0.0,0.0,0.0,0.0,0.0,0.0,0.0,0.0
0.0,30472.9,182837.38,0,6,1,5,0,0.0,0.0,0.0,0.0,0.0,0.0,0.0,0.0,0.0,7,0.0,0.0,0.0,0.0,0.0,0.0,0.0,0.0,0.0,0.0,0.0,0.0,0.0,0.0,0.0,0.0,0.0,0.0,0.0,0.0,0.0,0.0,0.0,0.0,0.0,0.0,0.0
3542.87,300.55,1532862.8,98,3945,0,9,17,0.004155,7078.874416,16.522833,0.0,8750.0,665.6623099999998,0.0,0.0,0.0,4043,65234.90633,65182.5762,0.0,-52.33013045,13.0,8391.431391,9.905574523,0.0,1.0,10.0,0.0,11.0,0.0,0.0,0.0,0.0,0.0,4686.684976,762.857399,2.3462,7.559375,4.952787,0.0,0.0,0.0,2.0,11.0
17.54,434.15,13480.57,26,30,0,4,1,0.013909,0.540245,0.124375,0.044039,0.7148359999999999,0.139704,0.0,0.0,0.0,56,3.632315464,3.731242964,0.0,0.0989275,0.0,0.0,0.0,0.0,0.0,0.0,0.0,0.0,0.0,0.0,0.0,0.0,0.0,0.0,0.0,0.0,0.0,0.0,0.0,0.0,0.0,0.0,0.0
508.52,984.54,5939.73,2,5,0,4,2,0.03,1.0,0.466,1.164716,1.164905,1.164811,0.0,0.0,0.0,7,2.329622,2.33,0.0,0.000378,0.0,0.0,0.0,0.0,0.0,0.0,0.0,0.0,0.0,0.0,0.0,0.0,0.0,0.0,0.0,0.0,0.0,0.0,0.0,0.0,0.0,0.0,0.0
1047.43,488.02,502293.88,323,336,0,174,280,0.0,39.917,1.829794,0.32,20.0,1.857758,0.0,0.0,0.0,659,600.0558272999998,614.8107123,0.0,14.75488491,10.0,14633.86871,0.0,0.0,0.0,7.0,0.0,10.0,0.0,0.0,0.0,0.0,0.0,12757.0,1463.3868710000004,0.0,0.0,0.0,0.0,0.0,0.0,0.0,10.0
0.0,122.0,205122.43,1,11,0,10,1,0.5,4.99,1.625471,17.879319,17.879319,17.879319,0.0,0.0,0.0,12,17.87931877,17.88017977,0.0,0.0008609999999999,4.0,1.337,0.0,0.0,0.0,3.0,0.0,4.0,0.0,0.0,0.0,0.0,0.0,1.337,0.33425,0.0,0.0,0.0,0.0,0.0,0.0,0.0,4.0
160.38,0.6,321.95,2,2,0,2,2,44.759506,56.24049399999999,50.5,0.41,100.589016,50.499508,0.0,0.0,0.0,4,100.9990158,101.0,0.0,0.000984218,0.0,0.0,0.0,0.0,0.0,0.0,0.0,0.0,0.0,0.0,0.0,0.0,0.0,0.0,0.0,0.0,0.0,0.0,0.0,0.0,0.0,0.0,0.0
0.0,82.07,16268.6,1,13,0,12,1,0.1,10.0,3.436865,44.67,44.67,44.67,0.0,0.0,0.0,14,44.67,44.67924914,0.0,0.00924914,2.0,28.37,0.0,0.0,0.0,2.0,0.0,2.0,0.0,0.0,0.0,0.0,13.37,15.0,14.185,0.0,0.0,0.0,0.0,0.0,0.0,0.0,2.0
59.56,3834.24,574517.77,54,149,0,4,1,0.132625,2.98,0.380018,0.601568,3.587813,1.04546,0.0,0.0,0.0,203,56.45486321,56.62264583,0.0,0.167782617,3.0,367.0703572,0.0,0.0,0.0,2.0,0.0,3.0,0.0,0.0,0.0,0.0,0.0,365.0,122.356786,0.0,0.0,0.0,0.0,0.0,0.0,0.0,3.0
0.0,2217.32,319294.23,0,144,1,7,0,0.0,10.027575,0.6495850000000001,0.0,0.0,0.0,0.0,0.0,0.0,145,0.0,93.54023039,0.0,93.54023039,4.0,11.53587918,0.0,0.0,0.0,4.0,0.0,4.0,0.0,0.0,0.0,0.0,0.0,8.712648,2.88397,0.0,0.0,0.0,0.0,0.0,0.0,0.0,4.0
0.0,4049.19,226754.57,0,56,1,3,0,0.0,0.913382,0.343714,0.0,0.0,0.0,0.0,0.0,0.0,57,0.0,19.24798457,0.0,19.24798457,2.0,0.580894325,0.0,0.0,0.0,2.0,0.0,2.0,0.0,0.0,0.0,0.0,0.237041,0.343853,0.290447,0.0,0.0,0.0,0.0,0.0,0.0,0.0,2.0
372.54,281.48,2152.5,2,5,1,5,2,0.02,61.0,22.18337,0.0,110.91498,55.45749,0.0,0.0,0.0,8,110.91498,110.91685,0.0,0.001869966,1.0,1.337,0.0,0.0,0.0,1.0,0.0,1.0,0.0,0.0,0.0,0.0,1.337,1.337,1.337,0.0,0.0,0.0,0.0,0.0,0.0,0.0,1.0
2359.42,2061.99,841715.78,251,121,0,49,88,0.0,61.848679,11.252378,0.0,69.0,5.729469,0.0,0.0,0.0,372,1438.0966,1361.537785,0.0,-76.55881507,145.0,10638669.48,10640692.29,0.0,34.0,43.0,0.0,46.0,0.0,0.0,0.0,0.0,0.0,2650000.0,145735.1983,0.0,1750000.0,147787.3929,0.0,0.0,0.0,29.0,45.0
2110.39,4691.8,154339.92,22,23,0,7,21,0.017021,9.522478,3.071639,0.1,10.0,3.210839,0.0,0.0,0.0,45,70.63845374,70.64769376,0.0,0.00924002,0.0,0.0,0.0,0.0,0.0,0.0,0.0,0.0,0.0,0.0,0.0,0.0,0.0,0.0,0.0,0.0,0.0,0.0,0.0,0.0,0.0,0.0,0.0
0.0,7696.16,200100.23,0,26,1,3,0,0.0,7.497000000000001,0.7615069999999999,0.0,0.0,0.0,0.0,0.0,0.0,27,0.0,19.79919093,0.0,19.79919093,2.0,1.3583547930000002,0.0,0.0,0.0,2.0,0.0,2.0,0.0,0.0,0.0,0.0,0.564721,0.7936340000000001,0.679177,0.0,0.0,0.0,0.0,0.0,0.0,0.0,2.0
0.0,0.0,0.0,0,0,0,0,0,0.0,0.0,0.0,0.0,0.0,0.0,0.0,0.0,0.0,0,0.0,0.0,0.0,0.0,0.0,0.0,0.0,0.0,0.0,0.0,0.0,0.0,0.0,0.0,0.0,0.0,0.0,0.0,0.0,0.0,0.0,0.0,0.0,0.0,0.0,0.0,0.0
6955.27,10908.74,516958.07,21,34,0,1,5,0.018427,21.450179,2.381236,0.018007,21.449759,3.854928,0.0,0.0,0.0,55,80.95349002,80.9620358,0.0,0.008545784,1.0,0.061178732,0.0,0.0,0.0,1.0,0.0,1.0,0.0,0.0,0.0,0.0,0.061179,0.061179,0.061179,0.0,0.0,0.0,0.0,0.0,0.0,0.0,1.0
0.0,679.5,4439.58,1,5,0,4,1,0.54,1.014527,0.8508700000000001,4.253348,4.253348,4.253348,0.0,0.0,0.0,6,4.25334791,4.25434791,0.0,0.001,1.0,300.0,0.0,0.0,0.0,1.0,0.0,1.0,0.0,0.0,0.0,0.0,300.0,300.0,300.0,0.0,0.0,0.0,0.0,0.0,0.0,0.0,1.0
13.6,0.0,40.8,3,1,0,1,3,101.0,101.0,101.0,0.05,54.580682,33.666149,0.0,0.0,0.0,4,100.998446,101.0,0.0,0.0015539999999999,0.0,0.0,0.0,0.0,0.0,0.0,0.0,0.0,0.0,0.0,0.0,0.0,0.0,0.0,0.0,0.0,0.0,0.0,0.0,0.0,0.0,0.0,0.0
0.0,0.0,653.53,1,1,0,1,1,10.0,10.0,10.0,9.99938,9.99938,9.99938,0.0,0.0,0.0,2,9.99938,10.0,0.0,0.00062,0.0,0.0,0.0,0.0,0.0,0.0,0.0,0.0,0.0,0.0,0.0,0.0,0.0,0.0,0.0,0.0,0.0,0.0,0.0,0.0,0.0,0.0,0.0
107.53,0.0,322.58,3,1,0,1,3,101.0,101.0,101.0,11.894608,71.40483,33.666179,0.0,0.0,0.0,4,100.9985356,101.0,0.0,0.001464437,0.0,0.0,0.0,0.0,0.0,0.0,0.0,0.0,0.0,0.0,0.0,0.0,0.0,0.0,0.0,0.0,0.0,0.0,0.0,0.0,0.0,0.0,0.0
0.0,629.46,3704.55,1,2,0,2,1,0.004,0.12,0.062,0.1,0.1,0.1,0.0,0.0,0.0,3,0.1,0.124,0.0,0.024,0.0,0.0,0.0,0.0,0.0,0.0,0.0,0.0,0.0,0.0,0.0,0.0,0.0,0.0,0.0,0.0,0.0,0.0,0.0,0.0,0.0,0.0,0.0
155.89,0.0,311.78,2,1,0,1,2,101.0,101.0,101.0,0.017676,100.98134,50.499508,0.0,0.0,0.0,3,100.9990158,101.0,0.0,0.000984218,0.0,0.0,0.0,0.0,0.0,0.0,0.0,0.0,0.0,0.0,0.0,0.0,0.0,0.0,0.0,0.0,0.0,0.0,0.0,0.0,0.0,0.0,0.0
3.37,0.42,14.32,4,2,0,2,3,836.676514,1164.323486,1000.5,0.1,1524.967973,500.249528,0.0,0.0,0.0,6,2000.998113,2001.0,0.0,0.001886545,0.0,0.0,0.0,0.0,0.0,0.0,0.0,0.0,0.0,0.0,0.0,0.0,0.0,0.0,0.0,0.0,0.0,0.0,0.0,0.0,0.0,0.0,0.0
10564.23,959.5,149818.18,14,2,0,1,6,0.01,0.01,0.01,0.0,0.012767,0.000912,0.0,0.0,0.0,16,0.012766995,0.02,0.0,0.007233005,26.0,833857.6756,833857.6756,0.0,1.0,4.0,0.0,5.0,0.0,0.0,0.0,0.0,2e-06,150000.0,64142.89812000001,2e-06,150000.0,64142.89812000001,0.0,0.0,0.0,5.0,5.0
265.43,81615.87,245643.9,3,3,0,2,1,20.212,42.0,32.404,20.21116,41.99916,32.403139,0.0,0.0,0.0,6,97.20941804,97.212,0.0,0.002581964,0.0,0.0,0.0,0.0,0.0,0.0,0.0,0.0,0.0,0.0,0.0,0.0,0.0,0.0,0.0,0.0,0.0,0.0,0.0,0.0,0.0,0.0,0.0
25.61,0.0,76.82,3,2,0,2,3,39.413166,61.586834,50.5,0.05,54.993114,33.666163,0.0,0.0,0.0,5,100.998488,101.0,0.0,0.001512,0.0,0.0,0.0,0.0,0.0,0.0,0.0,0.0,0.0,0.0,0.0,0.0,0.0,0.0,0.0,0.0,0.0,0.0,0.0,0.0,0.0,0.0,0.0
1.78,44235.77,132712.65,3,3,0,3,1,0.49,0.99,0.659874,0.489508,0.989321,0.6592979999999999,0.0,0.0,0.0,6,1.977893303,1.979622,0.0,0.001728697,0.0,0.0,0.0,0.0,0.0,0.0,0.0,0.0,0.0,0.0,0.0,0.0,0.0,0.0,0.0,0.0,0.0,0.0,0.0,0.0,0.0,0.0,0.0
0.0,2225.06,291482.3,0,131,1,3,0,0.0,0.618857,0.254216,0.0,0.0,0.0,0.0,0.0,0.0,132,0.0,33.30223377,0.0,33.30223377,4.0,3.235409715,0.0,0.0,0.0,4.0,0.0,4.0,0.0,0.0,0.0,0.0,0.0,2.14566,0.808852,0.0,0.0,0.0,0.0,0.0,0.0,0.0,4.0
1110.06,249.52,11487.67,9,6,0,3,7,0.015,14.995,4.179167,0.1,23.27,2.785556,0.0,0.0,0.0,15,25.07,25.075,0.0,0.005,0.0,0.0,0.0,0.0,0.0,0.0,0.0,0.0,0.0,0.0,0.0,0.0,0.0,0.0,0.0,0.0,0.0,0.0,0.0,0.0,0.0,0.0,0.0
11971.39,1745.49,392059.05,31,12,0,5,18,0.134108,15.0,2.363347,0.0,5.126765,1.049618,0.0,0.0,0.0,43,32.53817308,28.36015976,0.0,-4.178013323,32.0,54601.91952999999,47394.14953,0.0,8.0,6.0,0.0,11.0,0.0,0.0,0.0,0.0,0.0,35000.0,2373.996501,0.0,35000.0,5266.016615,0.0,0.0,0.0,8.0,10.0
0.0,0.0,62.82,1,1,0,1,1,0.953062,0.953062,0.953062,0.952558,0.952558,0.952558,0.0,0.0,0.0,2,0.95255826,0.95306226,0.0,0.000504,0.0,0.0,0.0,0.0,0.0,0.0,0.0,0.0,0.0,0.0,0.0,0.0,0.0,0.0,0.0,0.0,0.0,0.0,0.0,0.0,0.0,0.0,0.0
3.47,447.98,902.88,2,2,0,1,1,2.99,3.0,2.995,2.9884,2.998668,2.993534,0.0,0.0,0.0,4,5.98706815,5.99,0.0,0.00293185,0.0,0.0,0.0,0.0,0.0,0.0,0.0,0.0,0.0,0.0,0.0,0.0,0.0,0.0,0.0,0.0,0.0,0.0,0.0,0.0,0.0,0.0,0.0
19.27,0.0,57.8,3,1,0,1,3,101.0,101.0,101.0,0.05,54.632236,33.666149,0.0,0.0,0.0,4,100.998446,101.0,0.0,0.0015539999999999,0.0,0.0,0.0,0.0,0.0,0.0,0.0,0.0,0.0,0.0,0.0,0.0,0.0,0.0,0.0,0.0,0.0,0.0,0.0,0.0,0.0,0.0,0.0
162.72,0.0,325.43,2,1,0,1,2,101.0,101.0,101.0,0.002,100.997016,50.499508,0.0,0.0,0.0,3,100.9990158,101.0,0.0,0.000984218,0.0,0.0,0.0,0.0,0.0,0.0,0.0,0.0,0.0,0.0,0.0,0.0,0.0,0.0,0.0,0.0,0.0,0.0,0.0,0.0,0.0,0.0,0.0
25.28,0.23,76.32,3,2,0,2,3,31.04208,69.95792,50.5,2.644598,71.896431,33.666163,0.0,0.0,0.0,5,100.998488,101.0,0.0,0.001512,0.0,0.0,0.0,0.0,0.0,0.0,0.0,0.0,0.0,0.0,0.0,0.0,0.0,0.0,0.0,0.0,0.0,0.0,0.0,0.0,0.0,0.0,0.0
11.75,35677.15,249822.33,7,7,0,3,1,1.4,50.0,17.521221,1.398274,49.998681,17.520232999999998,0.0,0.0,0.0,14,122.6416291,122.648547,0.0,0.006917854,0.0,0.0,0.0,0.0,0.0,0.0,0.0,0.0,0.0,0.0,0.0,0.0,0.0,0.0,0.0,0.0,0.0,0.0,0.0,0.0,0.0,0.0,0.0
25173.11,1125.57,77770.45,3,2,0,2,1,0.05,0.292229,0.171114,0.000462,0.292145,0.113852,0.0,0.0,0.0,5,0.34155668,0.34222868,0.0,0.000672,1.0,1.337,0.0,0.0,0.0,1.0,0.0,1.0,0.0,0.0,0.0,0.0,1.337,1.337,1.337,0.0,0.0,0.0,0.0,0.0,0.0,0.0,1.0
13236.51,46252.62,303988.72,2,6,0,4,2,0.05,4.38,1.84688,3.53,5.999788,4.764894,0.0,0.0,0.0,8,9.52978756,11.08127856,0.0,1.551491,5.0,13742.05494,0.0,0.0,0.0,4.0,0.0,4.0,0.0,0.0,0.0,0.0,0.0,8739.893268,2748.410989,0.0,0.0,0.0,0.0,0.0,0.0,0.0,4.0
160.7,0.84,323.08,2,2,0,2,2,22.584081,78.41591899999997,50.5,0.4810640000000001,100.517952,50.499508,0.0,0.0,0.0,4,100.9990158,101.0,0.0,0.000984218,0.0,0.0,0.0,0.0,0.0,0.0,0.0,0.0,0.0,0.0,0.0,0.0,0.0,0.0,0.0,0.0,0.0,0.0,0.0,0.0,0.0,0.0,0.0
0.68,13393.26,26787.88,2,2,0,1,2,0.001441,0.005984,0.003712,0.000601,0.005144,0.002872,0.0,0.0,0.0,4,0.005744593,0.007424593,0.0,0.00168,0.0,0.0,0.0,0.0,0.0,0.0,0.0,0.0,0.0,0.0,0.0,0.0,0.0,0.0,0.0,0.0,0.0,0.0,0.0,0.0,0.0,0.0,0.0
6.3,1164.94,23361.77,10,20,0,1,1,0.049003,0.049591,0.049187,0.097342,0.098326,0.097704,0.0,0.0,0.0,30,0.977039531,0.983746576,0.0,0.006707045,0.0,0.0,0.0,0.0,0.0,0.0,0.0,0.0,0.0,0.0,0.0,0.0,0.0,0.0,0.0,0.0,0.0,0.0,0.0,0.0,0.0,0.0,0.0
0.0,363.87,1455.47,0,4,0,4,0,0.071266,13.3,4.217816,0.0,0.0,0.0,0.0,0.0,0.0,4,0.0,16.87126568,0.0,16.87126568,2.0,112.37,0.0,0.0,0.0,2.0,0.0,2.0,0.0,0.0,0.0,0.0,13.37,99.0,56.185,0.0,0.0,0.0,0.0,0.0,0.0,0.0,2.0
15.31,517.6,796393.9,1407,1497,0,1,3,0.035119,0.196018,0.098148,0.000733,8.049866999999999,0.104006,0.0,0.0,0.0,2904,146.33652,146.927481,0.0,0.590961007,0.0,0.0,0.0,0.0,0.0,0.0,0.0,0.0,0.0,0.0,0.0,0.0,0.0,0.0,0.0,0.0,0.0,0.0,0.0,0.0,0.0,0.0,0.0
18.77,0.08,75.27,4,2,0,2,3,8.516211,92.483789,50.5,0.004961,86.75764699999998,25.249487,0.0,0.0,0.0,6,100.9979499,101.0,0.0,0.002050075,0.0,0.0,0.0,0.0,0.0,0.0,0.0,0.0,0.0,0.0,0.0,0.0,0.0,0.0,0.0,0.0,0.0,0.0,0.0,0.0,0.0,0.0,0.0
158.07,1.27,318.68,2,2,0,2,2,26.55008,74.44991999999998,50.5,29.198571,71.8,50.499286,0.0,0.0,0.0,4,100.9985715,101.0,0.0,0.001428506,0.0,0.0,0.0,0.0,0.0,0.0,0.0,0.0,0.0,0.0,0.0,0.0,0.0,0.0,0.0,0.0,0.0,0.0,0.0,0.0,0.0,0.0,0.0
7615.41,22252.64,321526.67,13,10,0,2,8,0.019812,0.201477,0.082497,0.0,0.22,0.06692,0.0,0.0,0.0,23,0.869956748,0.82496756,0.0,-0.044989188,11.0,41.75532384,21.48405817,0.0,2.0,4.0,0.0,5.0,0.0,0.0,0.0,0.0,0.0,18.599634,4.639480000000002,0.0,21.484058,10.742029,0.0,0.0,0.0,2.0,5.0
1767.24,9617.01,427752.42,106,25,0,9,57,0.084939,41.14,15.209717,0.0,41.0,4.500408,0.0,0.0,0.0,131,477.0432541999999,380.2429223,0.0,-96.80033182,67.0,525334.8014,541347.0,0.0,34.0,17.0,0.0,15.0,0.0,0.0,0.0,0.0,0.0,499985.0,26266.74007,0.0,499985.0,11518.02128,0.0,0.0,0.0,10.0,15.0
34.61,0.0,103.82,3,1,0,1,3,101.0,101.0,101.0,1.2759,90.017799,33.666163,0.0,0.0,0.0,4,100.998488,101.0,0.0,0.001512,0.0,0.0,0.0,0.0,0.0,0.0,0.0,0.0,0.0,0.0,0.0,0.0,0.0,0.0,0.0,0.0,0.0,0.0,0.0,0.0,0.0,0.0,0.0
22.16,0.0,66.47,3,1,0,1,3,101.0,101.0,101.0,1.0,79.168748,33.666149,0.0,0.0,0.0,4,100.998446,101.0,0.0,0.0015539999999999,0.0,0.0,0.0,0.0,0.0,0.0,0.0,0.0,0.0,0.0,0.0,0.0,0.0,0.0,0.0,0.0,0.0,0.0,0.0,0.0,0.0,0.0,0.0
21.2,0.0,63.6,3,1,0,1,3,101.0,101.0,101.0,3.0,69.638796,33.666149,0.0,0.0,0.0,4,100.998446,101.0,0.0,0.0015539999999999,0.0,0.0,0.0,0.0,0.0,0.0,0.0,0.0,0.0,0.0,0.0,0.0,0.0,0.0,0.0,0.0,0.0,0.0,0.0,0.0,0.0,0.0,0.0
105.72,0.63,318.42,3,2,0,2,2,46.86007,54.13993000000001,50.5,1.0,93.998512,33.66617100000001,0.0,0.0,0.0,5,100.9985118,101.0,0.0,0.001488218,0.0,0.0,0.0,0.0,0.0,0.0,0.0,0.0,0.0,0.0,0.0,0.0,0.0,0.0,0.0,0.0,0.0,0.0,0.0,0.0,0.0,0.0,0.0
8469.5,7550.87,126325.75,6,10,0,9,5,0.5,10.630584,3.300822,0.3,10.630101,5.500642,0.0,0.0,0.0,16,33.00385148,33.00821948,0.0,0.004368,1.0,1.337,0.0,0.0,0.0,1.0,0.0,1.0,0.0,0.0,0.0,0.0,1.337,1.337,1.337,0.0,0.0,0.0,0.0,0.0,0.0,0.0,1.0
23.13,0.0,69.38,3,1,0,1,3,101.0,101.0,101.0,0.052829,54.472037,33.666149,0.0,0.0,0.0,4,100.998446,101.0,0.0,0.0015539999999999,0.0,0.0,0.0,0.0,0.0,0.0,0.0,0.0,0.0,0.0,0.0,0.0,0.0,0.0,0.0,0.0,0.0,0.0,0.0,0.0,0.0,0.0,0.0
160.62,5399.37,566476.37,98,102,0,9,1,0.029281,12.7,1.469014,0.56407,12.695976,1.527901,0.0,0.0,0.0,200,149.734326,149.8394059,0.0,0.1050799,0.0,0.0,0.0,0.0,0.0,0.0,0.0,0.0,0.0,0.0,0.0,0.0,0.0,0.0,0.0,0.0,0.0,0.0,0.0,0.0,0.0,0.0,0.0
448.9,0.0,2693.42,6,1,0,1,4,0.2,0.2,0.2,0.0,1.197914,0.199652,0.0,0.0,0.0,7,1.197914228,0.2,0.0,-0.997914228,6.0,1.2e-09,1.2e-09,0.0,1.0,2.0,0.0,3.0,0.0,0.0,0.0,0.0,0.0,0.0,0.0,0.0,0.0,0.0,0.0,0.0,0.0,2.0,2.0
0.0,491.75,250300.5,0,509,1,6,0,0.0,79.77,1.292206,0.0,0.0,0.0,0.0,0.0,0.0,510,0.0,657.7330717,0.0,657.7330717,2.0,6.620481508999998,0.0,0.0,0.0,2.0,0.0,2.0,0.0,0.0,0.0,0.0,0.212017,6.4084650000000005,3.3102410000000004,0.0,0.0,0.0,0.0,0.0,0.0,0.0,2.0
0.0,18.87,6627.68,1,2,0,2,1,1.0,1.2,1.1,2.199139,2.199139,2.199139,0.0,0.0,0.0,3,2.199139,2.2,0.0,0.0008609999999999,0.0,0.0,0.0,0.0,0.0,0.0,0.0,0.0,0.0,0.0,0.0,0.0,0.0,0.0,0.0,0.0,0.0,0.0,0.0,0.0,0.0,0.0,0.0
0.0,0.0,0.0,0,0,0,0,0,0.0,0.0,0.0,0.0,0.0,0.0,0.0,0.0,0.0,0,0.0,0.0,0.0,0.0,0.0,0.0,0.0,0.0,0.0,0.0,0.0,0.0,0.0,0.0,0.0,0.0,0.0,0.0,0.0,0.0,0.0,0.0,0.0,0.0,0.0,0.0,0.0
16.46,0.0,49.38,3,1,0,1,3,101.0,101.0,101.0,10.99895,78.48670200000002,33.666149,0.0,0.0,0.0,4,100.998446,101.0,0.0,0.0015539999999999,0.0,0.0,0.0,0.0,0.0,0.0,0.0,0.0,0.0,0.0,0.0,0.0,0.0,0.0,0.0,0.0,0.0,0.0,0.0,0.0,0.0,0.0,0.0
0.0,2096.75,291447.72,0,139,1,3,0,0.0,0.829081,0.297716,0.0,0.0,0.0,0.0,0.0,0.0,140,0.0,41.38255687,0.0,41.38255687,4.0,5.053325119,0.0,0.0,0.0,4.0,0.0,4.0,0.0,0.0,0.0,0.0,0.0,3.792896,1.263331,0.0,0.0,0.0,0.0,0.0,0.0,0.0,4.0
8180.13,93851.75,935086.52,34,7,0,3,17,0.005,3.995,1.006345,0.0,1.0,0.263059,0.0,0.0,0.0,41,8.943999999999997,7.044414445,0.0,-1.899585555,36.0,33723.3281,412.79449710000006,0.0,6.0,18.0,0.0,18.0,0.0,0.0,0.0,0.0,0.0,16888.0,1297.051081,1.0,100.0,41.27945,0.0,0.0,0.0,3.0,18.0
0.0,2921.88,105187.75,0,36,1,4,0,0.0,146.71366,37.700011,0.0,0.0,0.0,0.0,0.0,0.0,37,0.0,1357.200407,0.0,1357.200407,1.0,2.173992276,0.0,0.0,0.0,1.0,0.0,1.0,0.0,0.0,0.0,0.0,2.173992,2.173992,2.173992,0.0,0.0,0.0,0.0,0.0,0.0,0.0,1.0
0.0,0.0,3.4,1,1,0,1,1,2.0,2.0,2.0,1.99916,1.99916,1.99916,0.0,0.0,0.0,2,1.99916,2.0,0.0,0.00084,0.0,0.0,0.0,0.0,0.0,0.0,0.0,0.0,0.0,0.0,0.0,0.0,0.0,0.0,0.0,0.0,0.0,0.0,0.0,0.0,0.0,0.0,0.0
0.0,0.0,0.0,0,0,0,0,0,0.0,0.0,0.0,0.0,0.0,0.0,0.0,0.0,0.0,0,0.0,0.0,0.0,0.0,0.0,0.0,0.0,0.0,0.0,0.0,0.0,0.0,0.0,0.0,0.0,0.0,0.0,0.0,0.0,0.0,0.0,0.0,0.0,0.0,0.0,0.0,0.0
9521.8,6496.51,548093.73,33,36,0,1,2,0.014738,7.353150999999999,1.002566,0.0034,7.352675,1.093283,0.0,0.0,0.0,69,36.07834520000001,36.09236355,0.0,0.014018347,1.0,202.2665294,0.0,0.0,0.0,1.0,0.0,1.0,0.0,0.0,0.0,0.0,202.266529,202.266529,202.266529,0.0,0.0,0.0,0.0,0.0,0.0,0.0,1.0
33.44,0.0,100.33,3,1,0,1,3,101.0,101.0,101.0,0.308408,53.39146700000001,33.666163,0.0,0.0,0.0,4,100.998488,101.0,0.0,0.001512,0.0,0.0,0.0,0.0,0.0,0.0,0.0,0.0,0.0,0.0,0.0,0.0,0.0,0.0,0.0,0.0,0.0,0.0,0.0,0.0,0.0,0.0,0.0
21.77,0.0,65.3,3,1,0,1,3,101.0,101.0,101.0,1.0,93.78462,33.665988,0.0,0.0,0.0,4,100.9979647,101.0,0.0,0.002035312,0.0,0.0,0.0,0.0,0.0,0.0,0.0,0.0,0.0,0.0,0.0,0.0,0.0,0.0,0.0,0.0,0.0,0.0,0.0,0.0,0.0,0.0,0.0
21.63,0.0,64.9,3,1,0,1,3,101.0,101.0,101.0,4.2,83.52128499999998,33.666149,0.0,0.0,0.0,4,100.998446,101.0,0.0,0.0015539999999999,0.0,0.0,0.0,0.0,0.0,0.0,0.0,0.0,0.0,0.0,0.0,0.0,0.0,0.0,0.0,0.0,0.0,0.0,0.0,0.0,0.0,0.0,0.0
0.0,6162.7,141742.03,0,23,1,6,0,0.0,18.183066,4.272191,0.0,0.0,0.0,0.0,0.0,0.0,24,0.0,98.26038342,0.0,98.26038342,2.0,3.717532395,0.0,0.0,0.0,2.0,0.0,2.0,0.0,0.0,0.0,0.0,1.717532,2.0,1.858766,0.0,0.0,0.0,0.0,0.0,0.0,0.0,2.0
15.59,0.0,46.78,3,1,0,1,3,101.0,101.0,101.0,2.5,84.831333,33.666149,0.0,0.0,0.0,4,100.998446,101.0,0.0,0.0015539999999999,0.0,0.0,0.0,0.0,0.0,0.0,0.0,0.0,0.0,0.0,0.0,0.0,0.0,0.0,0.0,0.0,0.0,0.0,0.0,0.0,0.0,0.0,0.0
24.66,14.42,146014.17,180,9820,0,1408,11,0.098572,17699.99914,19.097725,0.99,6330.0,1038.433629,0.0,0.0,0.0,10000,186918.0533,187539.6575,0.0,621.6042415000002,48.0,6000020559.0,1000010001.0,0.0,2.0,34.0,0.0,36.0,0.0,0.0,0.0,0.0,0.0,3000000000.0,130435229.5,0.5,1000010000.0,500005000.3,0.0,0.0,0.0,2.0,36.0
42254.18,50219.08,808364.62,12,6,0,4,8,0.29912,18.339125,4.57483,0.0,25.0,4.4486620000000014,0.0,0.0,0.0,18,53.38394668,27.44897757,0.0,-25.934969100000004,26.0,7788.232966,5808.0,0.0,1.0,19.0,0.0,23.0,0.0,0.0,0.0,0.0,0.0,4000.0,324.509707,500.0,5308.0,2904.0,0.0,0.0,0.0,2.0,23.0
160.52,0.0,321.03,2,1,0,1,2,101.0,101.0,101.0,0.1,100.899016,50.499508,0.0,0.0,0.0,3,100.9990158,101.0,0.0,0.000984218,0.0,0.0,0.0,0.0,0.0,0.0,0.0,0.0,0.0,0.0,0.0,0.0,0.0,0.0,0.0,0.0,0.0,0.0,0.0,0.0,0.0,0.0,0.0
0.0,0.0,0.0,0,0,0,0,0,0.0,0.0,0.0,0.0,0.0,0.0,0.0,0.0,0.0,0,0.0,0.0,0.0,0.0,0.0,0.0,0.0,0.0,0.0,0.0,0.0,0.0,0.0,0.0,0.0,0.0,0.0,0.0,0.0,0.0,0.0,0.0,0.0,0.0,0.0,0.0,0.0
3483.35,11672.82,573673.87,34,39,0,35,34,0.000441,0.2791,0.046091,0.012929,0.27868,0.052099,0.0,0.0,0.0,73,1.771358459,1.797542099,0.0,0.02618364,1.0,0.0,100.0,0.0,1.0,0.0,0.0,0.0,0.0,0.0,0.0,0.0,0.0,0.0,0.0,100.0,100.0,100.0,0.0,0.0,0.0,1.0,0.0
4.77,50534.92,151619.07,3,3,0,3,1,2.0,30.04,12.68,1.9988,30.039392,12.679161,0.0,0.0,0.0,6,38.03748251,38.04,0.0,0.00251749,0.0,0.0,0.0,0.0,0.0,0.0,0.0,0.0,0.0,0.0,0.0,0.0,0.0,0.0,0.0,0.0,0.0,0.0,0.0,0.0,0.0,0.0,0.0
20.77,0.0,166.2,8,1,0,1,7,0.15,0.15,0.15,0.0,350.0,123.25,0.0,0.0,0.0,9,986.0,0.15,0.0,-985.85,7.0,136.8934364,2.5e-17,0.0,1.0,5.0,0.0,6.0,0.0,0.0,0.0,0.0,0.0,124.027671,22.815573,0.0,0.0,0.0,0.0,0.0,0.0,1.0,6.0
4.71,5868.39,622549.07,106,106,0,6,1,0.200026,11.16,1.031577,0.199606,11.15958,1.031157,0.0,0.0,0.0,212,109.3026075,109.34712749999998,0.0,0.044520003,0.0,0.0,0.0,0.0,0.0,0.0,0.0,0.0,0.0,0.0,0.0,0.0,0.0,0.0,0.0,0.0,0.0,0.0,0.0,0.0,0.0,0.0,0.0
0.0,12099.3,60496.52,0,5,1,3,0,0.0,7.1744,2.5846,0.0,0.0,0.0,0.0,0.0,0.0,6,0.0,12.92299974,0.0,12.92299974,0.0,0.0,0.0,0.0,0.0,0.0,0.0,0.0,0.0,0.0,0.0,0.0,0.0,0.0,0.0,0.0,0.0,0.0,0.0,0.0,0.0,0.0,0.0
105.38,5072.49,1101124.32,100,215,0,3,1,0.196204,1.209463,0.383852,0.493986,1.2188370000000002,0.8240049999999999,0.0,0.0,0.0,315,82.40050736,82.52811137,0.0,0.127604009,3.0,365.0308085,0.0,0.0,0.0,2.0,0.0,3.0,0.0,0.0,0.0,0.0,0.0,365.0,121.676936,0.0,0.0,0.0,0.0,0.0,0.0,0.0,3.0
2.32,3417.27,27352.08,6,8,0,6,1,0.008,3.0,1.419875,0.999523,3.058344,1.892639,0.0,0.0,0.0,14,11.35583272,11.359000000000002,0.0,0.003167276,0.0,0.0,0.0,0.0,0.0,0.0,0.0,0.0,0.0,0.0,0.0,0.0,0.0,0.0,0.0,0.0,0.0,0.0,0.0,0.0,0.0,0.0,0.0
13.69,16639.25,299752.93,18,18,0,1,1,0.0501,1.260065,0.6628470000000001,0.04821,1.259834,0.662025,0.0,0.0,0.0,36,11.91645869,11.93125444,0.0,0.01479575,0.0,0.0,0.0,0.0,0.0,0.0,0.0,0.0,0.0,0.0,0.0,0.0,0.0,0.0,0.0,0.0,0.0,0.0,0.0,0.0,0.0,0.0,0.0
175.04,523.95,27958.22,37,41,0,37,35,0.002579,8.123223,0.5491520000000001,0.0,22.1,0.607737,0.0,0.0,0.0,78,22.48628213,22.51523441,0.0,0.02895228,103.0,178267.5092,176988.0211,0.0,4.0,50.0,0.0,45.0,0.0,0.0,0.0,0.0,0.0,71956.5,2621.581018,0.0,75453.8116,5056.800603,0.0,0.0,0.0,34.0,45.0
0.0,0.0,0.0,1,0,0,0,1,0.0,0.0,0.0,1.999916,1.999916,1.999916,0.0,0.0,0.0,1,1.999916,0.0,0.0,-1.999916,0.0,0.0,0.0,0.0,0.0,0.0,0.0,0.0,0.0,0.0,0.0,0.0,0.0,0.0,0.0,0.0,0.0,0.0,0.0,0.0,0.0,0.0,0.0
3126.6,9121.03,111004.98,18,6,0,2,11,0.01,4.208080000000002,1.305383,0.0,4.0,0.600427,0.0,0.0,0.0,24,10.80767711,7.83229699,0.0,-2.975380124,11.0,30974.88549,30603.88549,0.0,3.0,6.0,0.0,6.0,0.0,0.0,0.0,0.0,0.0,30184.5819,4424.983641,0.0,30184.5819,7650.971372,0.0,0.0,0.0,4.0,6.0
323.98,3399.88,576550.47,153,155,0,6,3,2.8000000000000006e-05,4.019205,0.827783,0.000746,4.018594,0.8378190000000001,0.0,0.0,0.0,308,128.1862645,128.3063499,0.0,0.120085432,0.0,0.0,0.0,0.0,0.0,0.0,0.0,0.0,0.0,0.0,0.0,0.0,0.0,0.0,0.0,0.0,0.0,0.0,0.0,0.0,0.0,0.0,0.0
13.03,120.21,203913.92,1460,1538,0,466,2,0.0,64.0,1.489594,0.00958,63.99958,1.569337,0.0,0.0,0.0,2998,2291.232368,2290.995589,0.0,-0.236779,0.0,0.0,0.0,0.0,0.0,0.0,0.0,0.0,0.0,0.0,0.0,0.0,0.0,0.0,0.0,0.0,0.0,0.0,0.0,0.0,0.0,0.0,0.0
4913.51,20847.99,1122209.77,12,51,0,38,11,0.013277,14.303281,1.275593,0.009,7.3023,2.995108,0.0,0.0,0.0,63,35.9413,65.05522643,0.0,29.11392643,12.0,1422.319703,0.0,0.0,0.0,9.0,0.0,12.0,0.0,0.0,0.0,0.0,0.0,925.317575,118.526642,0.0,0.0,0.0,0.0,0.0,0.0,0.0,12.0
25735.08,68355.18,427831.22,6,4,0,2,6,0.5,100.0,38.125,0.000749,101.0,25.416155,0.0,0.0,0.0,10,152.49693280000002,152.5,0.0,0.00306722,0.0,0.0,0.0,0.0,0.0,0.0,0.0,0.0,0.0,0.0,0.0,0.0,0.0,0.0,0.0,0.0,0.0,0.0,0.0,0.0,0.0,0.0,0.0
0.0,12201.17,97609.33,0,8,1,3,0,0.0,62.791,26.66075,0.0,0.0,0.0,0.0,0.0,0.0,9,0.0,213.286,0.0,213.286,2.0,608.6840675,0.0,0.0,0.0,2.0,0.0,2.0,0.0,0.0,0.0,0.0,8.684068,600.0,304.342034,0.0,0.0,0.0,0.0,0.0,0.0,0.0,2.0
13.45,4250.39,25583.03,6,6,0,1,6,4.995,9.5,7.159167,4.994559,9.49958,7.1587190000000005,0.0,0.0,0.0,12,42.952312,42.955,0.0,0.002688,0.0,0.0,0.0,0.0,0.0,0.0,0.0,0.0,0.0,0.0,0.0,0.0,0.0,0.0,0.0,0.0,0.0,0.0,0.0,0.0,0.0,0.0,0.0
1.42,0.0,4.25,3,2,0,2,3,512.377124,1488.622876,1000.5,0.02,1474.650041,666.999528,0.0,0.0,0.0,5,2000.998585,2001.0,0.0,0.001414909,0.0,0.0,0.0,0.0,0.0,0.0,0.0,0.0,0.0,0.0,0.0,0.0,0.0,0.0,0.0,0.0,0.0,0.0,0.0,0.0,0.0,0.0,0.0
10.06,1294.58,1354179.62,1034,1038,0,3,2,0.012315,1.14032,0.122084,0.09776,1.139879,0.121559,0.0,0.0,0.0,2072,125.69249170000002,126.7230467,0.0,1.030555026,2.0,0.01,0.0,0.0,0.0,2.0,0.0,2.0,0.0,0.0,0.0,0.0,0.0,0.01,0.005,0.0,0.0,0.0,0.0,0.0,0.0,0.0,2.0
0.0,0.0,0.0,0,0,0,0,0,0.0,0.0,0.0,0.0,0.0,0.0,0.0,0.0,0.0,0,0.0,0.0,0.0,0.0,0.0,0.0,0.0,0.0,0.0,0.0,0.0,0.0,0.0,0.0,0.0,0.0,0.0,0.0,0.0,0.0,0.0,0.0,0.0,0.0,0.0,0.0,0.0
2341.96,7468.31,1090579.58,83,120,0,3,3,0.026669,0.205664,0.162132,0.026605,2.2207,0.234003,0.0,0.0,0.0,203,19.42221745,19.45582814,0.0,0.033610691,2.0,2.105453063,0.0,0.0,0.0,2.0,0.0,2.0,0.0,0.0,0.0,0.0,0.0,2.105453,1.052727,0.0,0.0,0.0,0.0,0.0,0.0,0.0,2.0
0.0,2107.5,805063.33,0,382,1,4,0,0.010054,1.000047,0.167226,0.0,0.0,0.0,0.0,0.0,0.0,383,0.0,63.88014633,0.0,63.88014633,1.0,0.0,100.0,0.0,1.0,0.0,0.0,0.0,0.0,0.0,0.0,0.0,0.0,0.0,0.0,100.0,100.0,100.0,0.0,0.0,0.0,1.0,0.0
3043.85,5628.05,969188.88,152,90,0,25,72,0.001,19.991074,3.825476,0.0,22.0,2.31448,0.0,0.0,0.0,242,351.801,344.2928662,0.0,-7.50813383,141.0,1697324.755,1547173.909,0.0,28.0,47.0,0.0,57.0,0.0,0.0,0.0,0.0,0.0,843333.0,20699.08238,0.0,766667.0,26223.28659,0.0,0.0,0.0,37.0,55.0
14.78,10.53,65.4,3,2,0,2,3,21.876499,79.123501,50.5,0.99895,52.135444,33.666149,0.0,0.0,0.0,5,100.998446,101.0,0.0,0.0015539999999999,0.0,0.0,0.0,0.0,0.0,0.0,0.0,0.0,0.0,0.0,0.0,0.0,0.0,0.0,0.0,0.0,0.0,0.0,0.0,0.0,0.0,0.0,0.0
159.59,0.0,319.18,2,1,0,1,2,101.0,101.0,101.0,0.11,100.889016,50.499508,0.0,0.0,0.0,3,100.9990158,101.0,0.0,0.000984218,0.0,0.0,0.0,0.0,0.0,0.0,0.0,0.0,0.0,0.0,0.0,0.0,0.0,0.0,0.0,0.0,0.0,0.0,0.0,0.0,0.0,0.0,0.0
16.37,201.15,467.77,4,2,0,2,4,44.483019,56.51698100000001,50.5,8.39002,56.516501,25.249491,0.0,0.0,0.0,6,100.9979658,101.0,0.0,0.002034218,0.0,0.0,0.0,0.0,0.0,0.0,0.0,0.0,0.0,0.0,0.0,0.0,0.0,0.0,0.0,0.0,0.0,0.0,0.0,0.0,0.0,0.0,0.0
987.84,1872.81,1002893.67,528,257,0,68,122,0.0,38.999,4.931955,0.0,39.0,2.737619,0.0,0.0,0.0,785,1445.463,1267.512397,0.0,-177.9506035,414.0,13749129.08,13724823.45,0.0,49.0,59.0,0.0,55.0,0.0,0.0,0.0,0.0,0.0,9400000.0,68064.99544,0.0,4000000.0,64739.73327999999,0.0,0.0,0.0,32.0,55.0
2.19,5034.48,20146.68,4,4,0,3,1,0.1,20.0,7.549477,0.09915,19.999283,7.548828,0.0,0.0,0.0,8,30.19531357,30.19790619,0.0,0.002592615,0.0,0.0,0.0,0.0,0.0,0.0,0.0,0.0,0.0,0.0,0.0,0.0,0.0,0.0,0.0,0.0,0.0,0.0,0.0,0.0,0.0,0.0,0.0
17.92,0.0,71.68,4,1,0,1,3,101.0,101.0,101.0,0.01,55.942418,25.249475,0.0,0.0,0.0,5,100.9979,101.0,0.0,0.0021,0.0,0.0,0.0,0.0,0.0,0.0,0.0,0.0,0.0,0.0,0.0,0.0,0.0,0.0,0.0,0.0,0.0,0.0,0.0,0.0,0.0,0.0,0.0
0.0,0.0,0.0,0,1,0,1,0,8.5,8.5,8.5,0.0,0.0,0.0,0.0,0.0,0.0,1,0.0,8.5,0.0,8.5,10.0,827.9257096,0.0,0.0,0.0,8.0,0.0,10.0,0.0,0.0,0.0,0.0,0.0,654.284551,82.792571,0.0,0.0,0.0,0.0,0.0,0.0,0.0,10.0
2.58,0.12,7.97,3,2,0,2,3,943.263217,1057.736783,1000.5,0.231867,1365.466518,666.999528,0.0,0.0,0.0,5,2000.998585,2001.0,0.0,0.001414909,0.0,0.0,0.0,0.0,0.0,0.0,0.0,0.0,0.0,0.0,0.0,0.0,0.0,0.0,0.0,0.0,0.0,0.0,0.0,0.0,0.0,0.0,0.0
99.11,8153.28,123290.22,10,15,0,3,1,0.22,8.3,3.008593,0.999392,11.899366,4.512047,0.0,0.0,0.0,25,45.12047326,45.12890141,0.0,0.00842815,0.0,0.0,0.0,0.0,0.0,0.0,0.0,0.0,0.0,0.0,0.0,0.0,0.0,0.0,0.0,0.0,0.0,0.0,0.0,0.0,0.0,0.0,0.0
299.1,145146.73,583278.85,9,4,0,4,6,0.108411,3.69,1.1358780000000002,0.000456,3.605742,0.5045350000000001,0.0,0.0,0.0,13,4.54081936,4.54351087,0.0,0.00269151,0.0,0.0,0.0,0.0,0.0,0.0,0.0,0.0,0.0,0.0,0.0,0.0,0.0,0.0,0.0,0.0,0.0,0.0,0.0,0.0,0.0,0.0,0.0
16497.9,10675.21,444474.75,14,20,0,7,7,0.217977,8.475153,1.763059,0.531774,13.0,2.518056,0.0,0.0,0.0,34,35.2527844,35.26117056,0.0,0.008386159,9.0,1330.559612,0.0,0.0,0.0,8.0,0.0,9.0,0.0,0.0,0.0,0.0,0.0,807.918067,147.839957,0.0,0.0,0.0,0.0,0.0,0.0,0.0,9.0
0.0,0.0,88361.48,1,1,0,1,1,0.07,0.07,0.07,0.06,0.06,0.06,0.0,0.0,0.0,2,0.06,0.07,0.0,0.01,1.0,13.37,0.0,0.0,0.0,1.0,0.0,1.0,0.0,0.0,0.0,0.0,13.37,13.37,13.37,0.0,0.0,0.0,0.0,0.0,0.0,0.0,1.0
6.75,30.87,3163.77,208,57,0,45,54,0.008779,21.049187,1.884695,0.0,74.0,1.295493,0.0,0.0,0.0,265,269.46252880000003,107.42760459999998,0.0,-162.03492409999996,96.0,212813.1175,212813.1174,0.0,8.0,20.0,0.0,37.0,0.0,0.0,0.0,0.0,0.0,50000.0,4256.26235,0.0,50000.0,4626.372117,0.0,0.0,0.0,35.0,37.0
45.94,2614.98,39913.85,15,15,0,2,1,0.050004,0.09952,0.095937,0.045004,0.099025,0.095069,0.0,0.0,0.0,30,1.42602854,1.439056827,0.0,0.013028287,0.0,0.0,0.0,0.0,0.0,0.0,0.0,0.0,0.0,0.0,0.0,0.0,0.0,0.0,0.0,0.0,0.0,0.0,0.0,0.0,0.0,0.0,0.0
727.43,281.88,30133.72,36,14,0,13,35,0.096643,86.356173,9.117069,0.0,70.0,3.5447550000000003,0.0,0.0,0.0,50,127.6111953,127.63896,0.0,0.027764688,60.0,192474.6571,152473.6571,0.0,1.0,36.0,0.0,20.0,0.0,0.0,0.0,0.0,0.0,57420.0,4582.729932,0.0,79715.0,8470.758731,0.0,0.0,0.0,17.0,18.0
5.34,1760.58,3531.85,2,2,0,1,2,2.373005,4.995,3.684003,2.372536,4.994528,3.683532,0.0,0.0,0.0,4,7.367064787,7.36800516,0.0,0.000940373,0.0,0.0,0.0,0.0,0.0,0.0,0.0,0.0,0.0,0.0,0.0,0.0,0.0,0.0,0.0,0.0,0.0,0.0,0.0,0.0,0.0,0.0,0.0
3.65,1380.95,19369.82,10,14,0,10,1,0.005,6.0,1.516141,0.104818,9.999248,2.121913,0.0,0.0,0.0,24,21.21912944,21.22597348,0.0,0.006844041,0.0,0.0,0.0,0.0,0.0,0.0,0.0,0.0,0.0,0.0,0.0,0.0,0.0,0.0,0.0,0.0,0.0,0.0,0.0,0.0,0.0,0.0,0.0
9220.03,1442.85,558132.17,38,144,0,19,3,0.010891,62.01,23.536926,0.0,521.999559,89.192009,0.0,0.0,0.0,182,3389.296333,3389.317357,0.0,0.021023785,13.0,13383.63,13383.63,0.0,1.0,7.0,0.0,1.0,0.0,0.0,0.0,0.0,1.0,1868.35,1115.3025,13383.63,13383.63,13383.63,0.0,0.0,0.0,1.0,1.0
3930.91,9630.32,806415.67,139,27,0,11,51,0.02,176.75,57.38174300000001,0.0,230.68,24.201827,0.0,0.0,0.0,166,3364.054,1549.307067,0.0,-1814.746933,160.0,28516695.16,28463188.6,0.0,31.0,36.0,0.0,48.0,0.0,0.0,0.0,0.0,0.0,11790000.0,327778.1052,0.0,9975000.0,389906.6932,0.0,0.0,0.0,24.0,48.0
34.8,0.0,104.4,3,1,0,1,3,101.0,101.0,101.0,1.470521,84.445676,33.666163,0.0,0.0,0.0,4,100.998488,101.0,0.0,0.001512,0.0,0.0,0.0,0.0,0.0,0.0,0.0,0.0,0.0,0.0,0.0,0.0,0.0,0.0,0.0,0.0,0.0,0.0,0.0,0.0,0.0,0.0,0.0
23.66,0.0,70.97,3,1,0,1,3,101.0,101.0,101.0,0.09895,53.805103,33.666149,0.0,0.0,0.0,4,100.998446,101.0,0.0,0.0015539999999999,0.0,0.0,0.0,0.0,0.0,0.0,0.0,0.0,0.0,0.0,0.0,0.0,0.0,0.0,0.0,0.0,0.0,0.0,0.0,0.0,0.0,0.0,0.0
24521.53,0.0,49043.07,2,1,0,1,2,10000.0,10000.0,10000.0,4999.999118,5000.0,4999.999559000001,0.0,0.0,0.0,3,9999.999118000002,10000.0,0.0,0.000882,4.0,1e-09,0.0,0.0,0.0,4.0,0.0,4.0,0.0,0.0,0.0,0.0,0.0,0.0,0.0,0.0,0.0,0.0,0.0,0.0,0.0,0.0,4.0
58146.8,68553.37,728981.33,9,3,0,3,6,0.3057,9.854268,6.018223,0.0,9.85329,1.97195,0.0,0.0,0.0,12,17.74754889,18.05466777,0.0,0.30711888,17.0,27431.74044,6447.690014,0.0,5.0,9.0,0.0,11.0,0.0,0.0,0.0,0.0,0.0,26403.41,2285.97837,0.0,6403.0,1289.538003,0.0,0.0,0.0,4.0,11.0
0.0,30225.65,60451.3,0,2,1,2,0,0.0,10.9061,5.45305,0.0,0.0,0.0,0.0,0.0,0.0,3,0.0,10.9061,0.0,10.9061,0.0,0.0,0.0,0.0,0.0,0.0,0.0,0.0,0.0,0.0,0.0,0.0,0.0,0.0,0.0,0.0,0.0,0.0,0.0,0.0,0.0,0.0,0.0
398.44,9139.68,943875.77,98,99,0,6,4,0.010017,1.643531,0.12123,0.008631,1.643111,0.122286,0.0,0.0,0.0,197,11.98404036,12.00181119,0.0,0.0177708239999999,1.0,100.0,0.0,0.0,0.0,1.0,0.0,1.0,0.0,0.0,0.0,0.0,100.0,100.0,100.0,0.0,0.0,0.0,0.0,0.0,0.0,0.0,1.0
2631.59,739.96,24257.32,5,15,0,15,5,0.005449,3.0,0.7059350000000001,0.00323,0.0693299999999999,0.021117,0.0,0.0,0.0,20,0.10558692,10.58902434,0.0,10.48343742,4.0,100.337,0.0,0.0,0.0,4.0,0.0,4.0,0.0,0.0,0.0,0.0,0.0,99.0,25.08425,0.0,0.0,0.0,0.0,0.0,0.0,0.0,4.0
948.9,1449.81,11993.57,5,5,0,5,5,0.095,10.676664,2.6543330000000003,0.597,4.0,2.6534,0.0,0.0,0.0,10,13.267,13.27166409,0.0,0.00466409,2.0,1.337,0.0,0.0,0.0,2.0,0.0,2.0,0.0,0.0,0.0,0.0,0.0,1.337,0.6685,0.0,0.0,0.0,0.0,0.0,0.0,0.0,2.0
15815.12,2276.25,520097.3,29,27,0,6,14,0.099,75.495,17.18927,0.0,112.0,18.012931,0.0,0.0,0.0,56,522.375,464.1103,0.0,-58.2647,30.0,414962.2584,242051.29,0.0,5.0,15.0,0.0,19.0,0.0,0.0,0.0,0.0,0.0,207132.3328,17290.0941,200.0,156326.0,40341.88167,0.0,0.0,0.0,4.0,19.0
0.0,0.0,12145.23,1,1,0,1,1,1.097322,1.097322,1.097322,1.096461,1.096461,1.096461,0.0,0.0,0.0,2,1.09646114,1.09732214,0.0,0.0008609999999999,0.0,0.0,0.0,0.0,0.0,0.0,0.0,0.0,0.0,0.0,0.0,0.0,0.0,0.0,0.0,0.0,0.0,0.0,0.0,0.0,0.0,0.0,0.0
0.0,0.0,7910.78,1,1,0,1,1,0.5,0.5,0.5,0.497266,0.497266,0.497266,0.0,0.0,0.0,2,0.49726578,0.5,0.0,0.00273422,1.0,100.0,0.0,0.0,0.0,1.0,0.0,1.0,0.0,0.0,0.0,0.0,100.0,100.0,100.0,0.0,0.0,0.0,0.0,0.0,0.0,0.0,1.0
0.0,0.0,401744.53,1,1,0,1,1,0.005,0.005,0.005,0.004874,0.004874,0.004874,0.0,0.0,0.0,2,0.004874,0.005,0.0,0.000126,1.0,1.337,0.0,0.0,0.0,1.0,0.0,1.0,0.0,0.0,0.0,0.0,1.337,1.337,1.337,0.0,0.0,0.0,0.0,0.0,0.0,0.0,1.0
0.0,0.0,39.47,1,1,0,1,1,0.225559,0.225559,0.225559,0.225055,0.225055,0.225055,0.0,0.0,0.0,2,0.22505522,0.22555922,0.0,0.000504,0.0,0.0,0.0,0.0,0.0,0.0,0.0,0.0,0.0,0.0,0.0,0.0,0.0,0.0,0.0,0.0,0.0,0.0,0.0,0.0,0.0,0.0,0.0
0.0,15819.27,174011.92,0,11,1,6,0,0.0,0.0,0.0,0.0,0.0,0.0,0.0,0.0,0.0,12,0.0,0.0,0.0,0.0,0.0,0.0,0.0,0.0,0.0,0.0,0.0,0.0,0.0,0.0,0.0,0.0,0.0,0.0,0.0,0.0,0.0,0.0,0.0,0.0,0.0,0.0,0.0
164.07,0.0,328.15,2,1,0,1,2,101.0,101.0,101.0,1.0,99.998974,50.499487,0.0,0.0,0.0,3,100.9989738,101.0,0.0,0.001026218,0.0,0.0,0.0,0.0,0.0,0.0,0.0,0.0,0.0,0.0,0.0,0.0,0.0,0.0,0.0,0.0,0.0,0.0,0.0,0.0,0.0,0.0,0.0
0.0,0.0,0.0,0,0,0,0,0,0.0,0.0,0.0,0.0,0.0,0.0,0.0,0.0,0.0,0,0.0,0.0,0.0,0.0,0.0,0.0,0.0,0.0,0.0,0.0,0.0,0.0,0.0,0.0,0.0,0.0,0.0,0.0,0.0,0.0,0.0,0.0,0.0,0.0,0.0,0.0,0.0
154.87,0.0,309.73,2,1,0,1,2,101.0,101.0,101.0,20.4,80.599016,50.499508,0.0,0.0,0.0,3,100.9990158,101.0,0.0,0.000984218,0.0,0.0,0.0,0.0,0.0,0.0,0.0,0.0,0.0,0.0,0.0,0.0,0.0,0.0,0.0,0.0,0.0,0.0,0.0,0.0,0.0,0.0,0.0
10143.89,11485.87,1125655.83,77,30,0,8,31,0.018619,76.053493,10.42549,0.0,120.0,4.147886,0.0,0.0,0.0,107,319.3872247,312.7646961000001,0.0,-6.622528592999999,94.0,139500.0387,92222.3467,0.0,16.0,13.0,0.0,19.0,0.0,0.0,0.0,0.0,0.0,46900.7,2179.688105,0.0,20000.0,3074.078223,0.0,0.0,0.0,11.0,19.0
45.71,463.11,1709.28,7,3,0,2,7,1.0,100.0,34.0,0.999102,50.0,14.570946,0.0,0.0,0.0,10,101.996619,102.0,0.0,0.003381,1.0,25.0,0.0,0.0,0.0,1.0,0.0,1.0,0.0,0.0,0.0,0.0,25.0,25.0,25.0,0.0,0.0,0.0,0.0,0.0,0.0,0.0,1.0
6012.77,6447.76,541815.33,44,43,0,4,6,0.032777,122.7881,15.758499,0.0,137.170086,15.399772,0.0,0.0,0.0,87,677.5899681,677.6154357,0.0,0.025467617,15.0,42391.36548,22123.38789,0.0,4.0,7.0,0.0,7.0,0.0,0.0,0.0,0.0,0.0,20180.614,3853.760498,503.11671500000006,11528.558,5530.846974,0.0,0.0,0.0,4.0,7.0
159.49,0.84,320.67,2,2,0,2,2,25.899548,75.100452,50.5,1.5004540000000002,99.498562,50.499508,0.0,0.0,0.0,4,100.9990158,101.0,0.0,0.000984218,0.0,0.0,0.0,0.0,0.0,0.0,0.0,0.0,0.0,0.0,0.0,0.0,0.0,0.0,0.0,0.0,0.0,0.0,0.0,0.0,0.0,0.0,0.0
476.53,102.85,5653.27,11,4,0,4,6,0.2,21.524932,9.169588,0.1,13.751404999999998,3.333855,0.0,0.0,0.0,15,36.672405,36.6783525,0.0,0.0059475,3.0,214.3000001,0.0,0.0,0.0,3.0,0.0,3.0,0.0,0.0,0.0,0.0,0.0,213.3,71.43333299999998,0.0,0.0,0.0,0.0,0.0,0.0,0.0,3.0
5.68,1642.1,179608.78,109,109,0,1,109,0.09,30.99,5.245394,0.0895799999999999,30.98958,5.244934,0.0,0.0,0.0,218,571.6978502999998,571.7479215,0.0,0.050071223,0.0,0.0,0.0,0.0,0.0,0.0,0.0,0.0,0.0,0.0,0.0,0.0,0.0,0.0,0.0,0.0,0.0,0.0,0.0,0.0,0.0,0.0,0.0
0.0,1137.25,665291.3,0,585,1,6,0,0.0,1.543311,0.944883,0.0,0.0,0.0,0.0,0.0,0.0,586,0.0,552.7568331,0.0,552.7568331,2.0,1.606427442,0.0,0.0,0.0,2.0,0.0,2.0,0.0,0.0,0.0,0.0,0.45422,1.152207,0.803214,0.0,0.0,0.0,0.0,0.0,0.0,0.0,2.0
24.56,0.43,74.55,3,2,0,2,3,5.284921,95.715079,50.5,0.09797,53.905607,33.666152000000004,0.0,0.0,0.0,5,100.9984557,101.0,0.0,0.001544256,0.0,0.0,0.0,0.0,0.0,0.0,0.0,0.0,0.0,0.0,0.0,0.0,0.0,0.0,0.0,0.0,0.0,0.0,0.0,0.0,0.0,0.0,0.0
105.18,3064.59,420948.77,127,133,0,4,3,0.0,1000.0,44.212845,0.62617,999.999392,52.854615,0.0,0.0,0.0,260,6712.536047,5880.308378,0.0,-832.2276694,0.0,0.0,0.0,0.0,0.0,0.0,0.0,0.0,0.0,0.0,0.0,0.0,0.0,0.0,0.0,0.0,0.0,0.0,0.0,0.0,0.0,0.0,0.0
0.0,5068.71,319328.87,0,63,1,3,0,0.0,1.004111,0.7562979999999999,0.0,0.0,0.0,0.0,0.0,0.0,64,0.0,47.64678783,0.0,47.64678783,1.0,1.05593663,0.0,0.0,0.0,1.0,0.0,1.0,0.0,0.0,0.0,0.0,1.055937,1.055937,1.055937,0.0,0.0,0.0,0.0,0.0,0.0,0.0,1.0
0.0,5.69,264790.97,1,2,0,2,1,0.012602,0.231867,0.122234,0.244027,0.244027,0.244027,0.0,0.0,0.0,3,0.244027,0.24446829,0.0,0.00044129,4.0,68.47017753,0.0,0.0,0.0,4.0,0.0,4.0,0.0,0.0,0.0,0.0,0.0,63.562397,17.117544,0.0,0.0,0.0,0.0,0.0,0.0,0.0,4.0
2022.34,2925.12,96422.1,39,6,0,5,4,1.060655,5.917999999999998,3.009251,0.0,5.96,0.8126180000000001,0.0,0.0,0.0,45,31.6921,18.05550774,0.0,-13.63659226,4.0,8.12e-08,8.12e-08,0.0,2.0,1.0,0.0,1.0,0.0,0.0,0.0,0.0,0.0,0.0,0.0,0.0,0.0,0.0,0.0,0.0,0.0,1.0,1.0
6238.72,1256.93,1420408.97,53,867,0,1,53,0.112096,2.104634,0.4166,0.010882,51.0,6.814433,0.0,0.0,0.0,920,361.1649277,361.1924277,0.0,0.027500008,8.0,531.7077833999998,0.0,0.0,0.0,6.0,0.0,8.0,0.0,0.0,0.0,0.0,0.0,365.0,66.463473,0.0,0.0,0.0,0.0,0.0,0.0,0.0,8.0
28.84,293.05,643.78,2,2,0,2,1,0.08,0.22,0.15,0.079538,0.219418,0.149478,0.0,0.0,0.0,4,0.298956468,0.3,0.0,0.001043532,0.0,0.0,0.0,0.0,0.0,0.0,0.0,0.0,0.0,0.0,0.0,0.0,0.0,0.0,0.0,0.0,0.0,0.0,0.0,0.0,0.0,0.0,0.0
33.48,4691.4,184270.08,39,39,0,3,1,0.419,12.593585,1.386282,0.417681,12.592832,1.384739,0.0,0.0,0.0,78,54.00480179,54.0649865,0.0,0.060184713,0.0,0.0,0.0,0.0,0.0,0.0,0.0,0.0,0.0,0.0,0.0,0.0,0.0,0.0,0.0,0.0,0.0,0.0,0.0,0.0,0.0,0.0,0.0
964.23,19053.01,501626.9,46,24,0,16,32,0.0008,20.012,5.036538,0.0,16.969820000000002,2.62686,0.0,0.0,0.0,70,120.83554479999998,120.87690990000002,0.0,0.041365102,138.0,68077.13655,68060.92482999999,0.0,65.0,5.0,0.0,4.0,0.0,0.0,0.0,0.0,0.0,2302.484645,1194.335729,0.8,30889.75897,840.258331,0.0,0.0,0.0,1.0,4.0
1576.24,80425.83,492012.45,6,6,0,6,6,0.01,27.270835,6.860657000000002,0.0,14.589597,6.856358,0.0,0.0,0.0,12,41.13814893,41.16394278,0.0,0.025793848,15.0,19939.01968,0.0,0.0,0.0,10.0,0.0,12.0,0.0,0.0,0.0,0.0,0.0,16888.0,1329.267979,0.0,0.0,0.0,0.0,0.0,0.0,0.0,12.0
0.0,13377.01,187278.18,0,14,1,4,0,0.0,66.0,20.878218,0.0,0.0,0.0,0.0,0.0,0.0,15,0.0,292.295046,0.0,292.295046,1.0,3.540335989,0.0,0.0,0.0,1.0,0.0,1.0,0.0,0.0,0.0,0.0,3.540336,3.540336,3.540336,0.0,0.0,0.0,0.0,0.0,0.0,0.0,1.0
0.0,0.0,0.0,0,0,0,0,0,0.0,0.0,0.0,0.0,0.0,0.0,0.0,0.0,0.0,0,0.0,0.0,0.0,0.0,1.0,1.337,0.0,0.0,0.0,1.0,0.0,1.0,0.0,0.0,0.0,0.0,1.337,1.337,1.337,0.0,0.0,0.0,0.0,0.0,0.0,0.0,1.0
90455.19,115222.2,1118842.15,6,5,0,5,4,3.5e-05,0.7184470000000001,0.243019,0.0,0.21,0.07,0.0,0.0,0.0,11,0.42,1.215095959,0.0,0.7950959590000001,10.0,492.3652288,0.21,0.0,2.0,6.0,0.0,8.0,0.0,0.0,0.0,0.0,0.0,365.0,61.545654000000006,0.042,0.168,0.105,0.0,0.0,0.0,2.0,8.0
4.41,0.07,13.37,3,2,0,2,3,912.844919,1088.155081,1000.5,0.012606,1632.123724,666.999528,0.0,0.0,0.0,5,2000.998585,2001.0,0.0,0.001414909,0.0,0.0,0.0,0.0,0.0,0.0,0.0,0.0,0.0,0.0,0.0,0.0,0.0,0.0,0.0,0.0,0.0,0.0,0.0,0.0,0.0,0.0,0.0
6.56,3594.39,57569.33,9,16,0,11,1,0.181192,2.0,0.8838450000000001,0.816919,1.999392,1.57057,0.0,0.0,0.0,25,14.1351285,14.1415179,0.0,0.0063894,0.0,0.0,0.0,0.0,0.0,0.0,0.0,0.0,0.0,0.0,0.0,0.0,0.0,0.0,0.0,0.0,0.0,0.0,0.0,0.0,0.0,0.0,0.0
161.45,0.82,324.53,2,2,0,2,2,16.868585,84.131415,50.5,15.002609,85.996364,50.499487,0.0,0.0,0.0,4,100.9989738,101.0,0.0,0.001026218,0.0,0.0,0.0,0.0,0.0,0.0,0.0,0.0,0.0,0.0,0.0,0.0,0.0,0.0,0.0,0.0,0.0,0.0,0.0,0.0,0.0,0.0,0.0
0.0,5857.42,11714.83,0,2,0,2,0,0.01958,0.468236,0.243908,0.0,0.0,0.0,0.0,0.0,0.0,2,0.0,0.4878156,0.0,0.4878156,1.0,13.37,0.0,0.0,0.0,1.0,0.0,1.0,0.0,0.0,0.0,0.0,13.37,13.37,13.37,0.0,0.0,0.0,0.0,0.0,0.0,0.0,1.0
1.77,0.2,5.72,3,2,0,2,3,523.471691,1477.528309,1000.5,0.1212,1452.558369,666.999528,0.0,0.0,0.0,5,2000.998585,2001.0,0.0,0.001414909,0.0,0.0,0.0,0.0,0.0,0.0,0.0,0.0,0.0,0.0,0.0,0.0,0.0,0.0,0.0,0.0,0.0,0.0,0.0,0.0,0.0,0.0,0.0
0.0,1259.27,486079.4,0,386,1,5,0,0.0,4.4953400000000014,1.01317,0.0,0.0,0.0,0.0,0.0,0.0,387,0.0,391.0834414,0.0,391.0834414,2.0,1.391938687,0.0,0.0,0.0,2.0,0.0,2.0,0.0,0.0,0.0,0.0,0.636592,0.755347,0.695969,0.0,0.0,0.0,0.0,0.0,0.0,0.0,2.0
118.76,7937.77,836928.67,96,104,0,2,1,0.010493,12.538761,1.059137,0.802525,12.537561,1.145166,0.0,0.0,0.0,200,109.9359459,110.1502933,0.0,0.214347393,0.0,0.0,0.0,0.0,0.0,0.0,0.0,0.0,0.0,0.0,0.0,0.0,0.0,0.0,0.0,0.0,0.0,0.0,0.0,0.0,0.0,0.0,0.0
0.0,4973.31,198932.2,0,40,1,2,0,0.0,2.043613,0.976633,0.0,0.0,0.0,0.0,0.0,0.0,41,0.0,39.06530094,0.0,39.06530094,2.0,1.071407948,0.0,0.0,0.0,2.0,0.0,2.0,0.0,0.0,0.0,0.0,0.317716,0.753692,0.535704,0.0,0.0,0.0,0.0,0.0,0.0,0.0,2.0
160.03,0.22,320.73,2,3,0,3,2,13.906797,70.99896,33.666667,30.653908,70.345108,50.499508,0.0,0.0,0.0,5,100.9990158,101.0,0.0,0.000984218,0.0,0.0,0.0,0.0,0.0,0.0,0.0,0.0,0.0,0.0,0.0,0.0,0.0,0.0,0.0,0.0,0.0,0.0,0.0,0.0,0.0,0.0,0.0
4.72,0.0,28.3,6,1,0,1,3,1.5,1.5,1.5,0.0,1.42,0.320956,0.0,0.0,0.0,7,1.925735231,1.5,0.0,-0.425735231,2.0,15.0,15.0,0.0,1.0,1.0,0.0,1.0,0.0,0.0,0.0,0.0,15.0,15.0,15.0,15.0,15.0,15.0,0.0,0.0,0.0,1.0,1.0
0.0,5149.88,319292.87,0,62,1,9,0,0.0,76.47,3.867411,0.0,0.0,0.0,0.0,0.0,0.0,63,0.0,239.7795129,0.0,239.7795129,2.0,605.7612176,0.0,0.0,0.0,2.0,0.0,2.0,0.0,0.0,0.0,0.0,5.761218,600.0,302.880609,0.0,0.0,0.0,0.0,0.0,0.0,0.0,2.0
109827.33,1129.82,223044.12,2,3,0,3,2,0.5,2.0,1.0,0.0,2.999035,1.499517,0.0,0.0,0.0,5,2.999034552,3.0,0.0,0.000965448,3.0,112.37,99.0,0.0,1.0,2.0,0.0,2.0,0.0,0.0,0.0,0.0,13.37,99.0,56.185,99.0,99.0,99.0,0.0,0.0,0.0,1.0,2.0
3.33,28171.64,140874.87,5,5,0,5,1,0.167187,0.597637,0.305705,0.166552,0.597159,0.305146,0.0,0.0,0.0,10,1.5257301840000002,1.52852277,0.0,0.002792586,0.0,0.0,0.0,0.0,0.0,0.0,0.0,0.0,0.0,0.0,0.0,0.0,0.0,0.0,0.0,0.0,0.0,0.0,0.0,0.0,0.0,0.0,0.0
11499.01,17767.45,948066.9,50,21,0,9,15,0.02,50.0,2.784895,0.0,50.0,1.187884,0.0,0.0,0.0,71,59.39418523,58.48279579,0.0,-0.911389444,29.0,58633.65001000001,58290.0,0.0,18.0,7.0,0.0,7.0,0.0,0.0,0.0,0.0,0.0,57500.0,8376.235716,0.0,57500.0,2649.545455,0.0,0.0,0.0,4.0,7.0
2.18,133779.95,535137.22,8,4,0,3,3,0.02,0.040816,0.026398,0.0,0.049458,0.012375,0.0,0.0,0.0,12,0.099001028,0.105592195,0.0,0.0065911669999999,0.0,0.0,0.0,0.0,0.0,0.0,0.0,0.0,0.0,0.0,0.0,0.0,0.0,0.0,0.0,0.0,0.0,0.0,0.0,0.0,0.0,0.0,0.0
0.0,0.0,0.0,0,0,0,0,0,0.0,0.0,0.0,0.0,0.0,0.0,0.0,0.0,0.0,0,0.0,0.0,0.0,0.0,0.0,0.0,0.0,0.0,0.0,0.0,0.0,0.0,0.0,0.0,0.0,0.0,0.0,0.0,0.0,0.0,0.0,0.0,0.0,0.0,0.0,0.0,0.0
0.0,45.68,56510.08,0,1237,1,1,0,0.0,0.0,0.0,0.0,0.0,0.0,0.0,0.0,0.0,1238,0.0,0.0,0.0,0.0,1.0,0.8888888890000001,0.0,0.0,0.0,1.0,0.0,1.0,0.0,0.0,0.0,0.0,0.8888889999999999,0.8888889999999999,0.8888889999999999,0.0,0.0,0.0,0.0,0.0,0.0,0.0,1.0
34701.91,1941.7,543829.08,15,12,0,11,13,0.5,15.827979,3.065096,0.0002,15.817979,2.451936,0.0,0.0,0.0,27,36.77903253,36.78114723,0.0,0.0021147,4.0,100.337,0.0,0.0,0.0,4.0,0.0,4.0,0.0,0.0,0.0,0.0,0.0,99.0,25.08425,0.0,0.0,0.0,0.0,0.0,0.0,0.0,4.0
1787.32,525.68,8305.77,2,9,0,7,2,0.05,2.495,0.8048960000000001,3.372342,3.87,3.621171,0.0,0.0,0.0,11,7.24234195,7.24406395,0.0,0.0017219999999999,1.0,1500.0,0.0,0.0,0.0,1.0,0.0,1.0,0.0,0.0,0.0,0.0,1500.0,1500.0,1500.0,0.0,0.0,0.0,0.0,0.0,0.0,0.0,1.0
35.63,0.82,322.3,9,2,0,2,3,14.865560999999998,86.134439,50.5,4.993187,12.0,11.221465,0.0,0.0,0.0,11,100.9931873,101.0,0.0,0.006812682,0.0,0.0,0.0,0.0,0.0,0.0,0.0,0.0,0.0,0.0,0.0,0.0,0.0,0.0,0.0,0.0,0.0,0.0,0.0,0.0,0.0,0.0,0.0
32.45,12921.57,129540.15,10,10,0,2,1,1.000052,1.014875,1.004819,0.999088,1.01417,1.004055,0.0,0.0,0.0,20,10.04055439,10.04819041,0.0,0.007636018,0.0,0.0,0.0,0.0,0.0,0.0,0.0,0.0,0.0,0.0,0.0,0.0,0.0,0.0,0.0,0.0,0.0,0.0,0.0,0.0,0.0,0.0,0.0
2.86,0.42,9.42,3,2,0,2,3,561.467487,1439.532513,1000.5,1.999564,1888.26294,666.999528,0.0,0.0,0.0,5,2000.998585,2001.0,0.0,0.001414909,0.0,0.0,0.0,0.0,0.0,0.0,0.0,0.0,0.0,0.0,0.0,0.0,0.0,0.0,0.0,0.0,0.0,0.0,0.0,0.0,0.0,0.0,0.0
164.23,0.82,330.08,2,2,0,2,2,3.045384,97.954616,50.5,0.616337,100.382637,50.499487,0.0,0.0,0.0,4,100.9989738,101.0,0.0,0.001026218,0.0,0.0,0.0,0.0,0.0,0.0,0.0,0.0,0.0,0.0,0.0,0.0,0.0,0.0,0.0,0.0,0.0,0.0,0.0,0.0,0.0,0.0,0.0
0.0,1648.74,201146.8,0,122,1,6,0,0.0,1.078618,0.364806,0.0,0.0,0.0,0.0,0.0,0.0,123,0.0,44.50628024,0.0,44.50628024,2.0,1.742475804,0.0,0.0,0.0,2.0,0.0,2.0,0.0,0.0,0.0,0.0,0.84011,0.902366,0.871238,0.0,0.0,0.0,0.0,0.0,0.0,0.0,2.0
0.0,0.0,0.0,0,0,0,0,0,0.0,0.0,0.0,0.0,0.0,0.0,0.0,0.0,0.0,0,0.0,0.0,0.0,0.0,0.0,0.0,0.0,0.0,0.0,0.0,0.0,0.0,0.0,0.0,0.0,0.0,0.0,0.0,0.0,0.0,0.0,0.0,0.0,0.0,0.0,0.0,0.0
340844.72,1839.79,689048.6,2,4,0,2,2,0.859977,14.976174,5.956538,1.098585,22.7255,11.912043,0.0,0.0,0.0,6,23.82408507,23.82615119,0.0,0.002066117,11.0,1441.424386,0.0,0.0,0.0,8.0,0.0,11.0,0.0,0.0,0.0,0.0,0.0,933.461832,131.038581,0.0,0.0,0.0,0.0,0.0,0.0,0.0,11.0
0.0,0.0,0.0,0,0,0,0,0,0.0,0.0,0.0,0.0,0.0,0.0,0.0,0.0,0.0,0,0.0,0.0,0.0,0.0,1.0,1.337,0.0,0.0,0.0,1.0,0.0,1.0,0.0,0.0,0.0,0.0,1.337,1.337,1.337,0.0,0.0,0.0,0.0,0.0,0.0,0.0,1.0
28.15,713.44,150664.98,106,207,0,13,1,0.1,76.9,18.103552,5.92658,448.19658,35.352743,0.0,0.0,0.0,313,3747.390716,3747.435236,0.0,0.04452001,1.0,600.0,0.0,0.0,0.0,1.0,0.0,1.0,0.0,0.0,0.0,0.0,600.0,600.0,600.0,0.0,0.0,0.0,0.0,0.0,0.0,0.0,1.0
0.0,0.0,0.0,0,1,0,1,0,0.25,0.25,0.25,0.0,0.0,0.0,0.0,0.0,0.0,1,0.0,0.25,0.0,0.25,5.0,71.98685866,0.0,0.0,0.0,5.0,0.0,5.0,0.0,0.0,0.0,0.0,0.0,64.85137900000001,14.397372,0.0,0.0,0.0,0.0,0.0,0.0,0.0,5.0
3.99,3250.28,13017.07,4,4,0,4,1,0.2,1.0,0.6,0.199526,0.999555,0.599507,0.0,0.0,0.0,8,2.398028052,2.4,0.0,0.001971948,0.0,0.0,0.0,0.0,0.0,0.0,0.0,0.0,0.0,0.0,0.0,0.0,0.0,0.0,0.0,0.0,0.0,0.0,0.0,0.0,0.0,0.0,0.0
17171.6,11439.07,1024381.72,45,22,0,15,28,0.0,121.0,32.896731,0.0,175.0,15.831052,0.0,0.0,0.0,67,712.397338,723.7280887999998,0.0,11.33075076,89.0,679605.7616,520532.6758,0.0,13.0,42.0,0.0,46.0,0.0,0.0,0.0,0.0,0.0,280689.5,10297.05699,0.0,130689.5,22631.85547,0.0,0.0,0.0,14.0,46.0
26.03,0.28,78.67,3,2,0,2,3,46.342791,54.657209,50.5,0.369143,78.045264,33.666163,0.0,0.0,0.0,5,100.998488,101.0,0.0,0.001512,0.0,0.0,0.0,0.0,0.0,0.0,0.0,0.0,0.0,0.0,0.0,0.0,0.0,0.0,0.0,0.0,0.0,0.0,0.0,0.0,0.0,0.0,0.0
0.0,0.0,1590.68,0,1,1,1,0,1.083559,1.083559,1.083559,0.0,0.0,0.0,0.0,0.0,0.0,2,0.0,1.083559,0.0,1.083559,0.0,0.0,0.0,0.0,0.0,0.0,0.0,0.0,0.0,0.0,0.0,0.0,0.0,0.0,0.0,0.0,0.0,0.0,0.0,0.0,0.0,0.0,0.0
0.0,2313.04,198921.02,0,86,1,4,0,0.0,1.005101,0.481405,0.0,0.0,0.0,0.0,0.0,0.0,87,0.0,41.40085147,0.0,41.40085147,2.0,1.091692598,0.0,0.0,0.0,2.0,0.0,2.0,0.0,0.0,0.0,0.0,0.262358,0.829334,0.545846,0.0,0.0,0.0,0.0,0.0,0.0,0.0,2.0
0.0,0.0,1.47,1,1,0,1,1,1.2669629999999998,1.2669629999999998,1.2669629999999998,1.266123,1.266123,1.266123,0.0,0.0,0.0,2,1.266123413,1.266963413,0.0,0.00084,0.0,0.0,0.0,0.0,0.0,0.0,0.0,0.0,0.0,0.0,0.0,0.0,0.0,0.0,0.0,0.0,0.0,0.0,0.0,0.0,0.0,0.0,0.0
17.53,0.0,70.13,4,1,0,1,3,101.0,101.0,101.0,0.022116,86.581227,25.249475,0.0,0.0,0.0,5,100.9979,101.0,0.0,0.0021,0.0,0.0,0.0,0.0,0.0,0.0,0.0,0.0,0.0,0.0,0.0,0.0,0.0,0.0,0.0,0.0,0.0,0.0,0.0,0.0,0.0,0.0,0.0
0.0,0.0,15.28,1,1,0,1,1,22.0,22.0,22.0,21.99938,21.99938,21.99938,0.0,0.0,0.0,2,21.99938,22.0,0.0,0.00062,0.0,0.0,0.0,0.0,0.0,0.0,0.0,0.0,0.0,0.0,0.0,0.0,0.0,0.0,0.0,0.0,0.0,0.0,0.0,0.0,0.0,0.0,0.0
8247.71,10778.68,774276.87,22,55,0,5,13,0.01,5.322865,0.546679,0.0,6.901842,1.375895,0.0,0.0,0.0,77,30.26968538,30.06733558,0.0,-0.202349797,26.0,10834171.57,10823970.66,0.0,5.0,13.0,0.0,13.0,0.0,0.0,0.0,0.0,0.0,8881114.5,541708.5787,0.0,10819927.51,1803995.11,0.0,0.0,0.0,5.0,13.0
3827.27,1074.42,1921036.52,64,1560,0,1,43,0.200004,28.010089,1.994397,3.327554,278.522983,47.960507,0.0,0.0,0.0,1624,3069.472425,3111.258825,0.0,41.78640022,13.0,3443.673581,0.0,0.0,0.0,10.0,0.0,13.0,0.0,0.0,0.0,0.0,0.0,1686.63085,264.897968,0.0,0.0,0.0,0.0,0.0,0.0,0.0,13.0
40.68,39.23,159.83,2,2,0,2,1,0.1,1.124849,0.612425,0.096956,1.124075,0.6105149999999999,0.0,0.0,0.0,4,1.22103095,1.22484933,0.0,0.00381838,0.0,0.0,0.0,0.0,0.0,0.0,0.0,0.0,0.0,0.0,0.0,0.0,0.0,0.0,0.0,0.0,0.0,0.0,0.0,0.0,0.0,0.0,0.0
0.0,0.0,0.0,0,0,0,0,0,0.0,0.0,0.0,0.0,0.0,0.0,0.0,0.0,0.0,0,0.0,0.0,0.0,0.0,1.0,1.337,0.0,0.0,0.0,1.0,0.0,1.0,0.0,0.0,0.0,0.0,1.337,1.337,1.337,0.0,0.0,0.0,0.0,0.0,0.0,0.0,1.0
483.35,42.72,468699.97,921,551,0,12,323,0.227046,77.261364,6.602262,0.0,50.0,4.131875,0.0,0.0,0.0,1472,3805.456886,3637.846177,0.0,-167.61070930000002,943.0,3023996.1580000008,3023386.006,0.0,361.0,24.0,0.0,21.0,0.0,0.0,0.0,0.0,0.0,95740.0,6841.620267,0.0,74910.45277,6034.702606,0.0,0.0,0.0,17.0,21.0
3834.85,2945.2,620113.1,121,53,0,18,63,0.0,44.425356,7.878402,0.0,52.0,3.5717830000000004,0.0,0.0,0.0,174,432.1857424,417.5553096,0.0,-14.6304328,91.0,635003.3331,603909.4009,0.0,14.0,32.0,0.0,35.0,0.0,0.0,0.0,0.0,0.0,114000.0,14767.519380000002,0.0,114000.0,12581.44585,0.0,0.0,0.0,22.0,34.0
25.03,0.14,75.52,3,3,0,3,3,0.573599,86.098302,33.666667,15.0,63.023652,33.666163,0.0,0.0,0.0,6,100.998488,101.0,0.0,0.001512,0.0,0.0,0.0,0.0,0.0,0.0,0.0,0.0,0.0,0.0,0.0,0.0,0.0,0.0,0.0,0.0,0.0,0.0,0.0,0.0,0.0,0.0,0.0
14467.63,0.0,28935.27,2,1,0,1,1,4.0,4.0,4.0,0.1,3.899034,1.999517,0.0,0.0,0.0,3,3.999034,4.0,0.0,0.000966,1.0,1.337,0.0,0.0,0.0,1.0,0.0,1.0,0.0,0.0,0.0,0.0,1.337,1.337,1.337,0.0,0.0,0.0,0.0,0.0,0.0,0.0,1.0
196.59,92.89,6349.12,3,62,0,41,2,0.064,5.0,0.732913,0.064,39.060048,15.145998,0.0,0.0,0.0,65,45.43799298,45.44057598,0.0,0.002583,0.0,0.0,0.0,0.0,0.0,0.0,0.0,0.0,0.0,0.0,0.0,0.0,0.0,0.0,0.0,0.0,0.0,0.0,0.0,0.0,0.0,0.0,0.0
159.23,2.22,322.9,2,2,0,2,2,3.624461,97.375539,50.5,49.998974,51.0,50.499487,0.0,0.0,0.0,4,100.9989738,101.0,0.0,0.001026218,0.0,0.0,0.0,0.0,0.0,0.0,0.0,0.0,0.0,0.0,0.0,0.0,0.0,0.0,0.0,0.0,0.0,0.0,0.0,0.0,0.0,0.0,0.0
118.57,24.42,285.98,2,2,0,1,2,2.37,4.464,3.417,2.36916,4.463496,3.416328,0.0,0.0,0.0,4,6.832656,6.834,0.0,0.001344,0.0,0.0,0.0,0.0,0.0,0.0,0.0,0.0,0.0,0.0,0.0,0.0,0.0,0.0,0.0,0.0,0.0,0.0,0.0,0.0,0.0,0.0,0.0
0.0,475.53,315273.08,0,663,0,1,0,0.05603,0.135944,0.100859,0.0,0.0,0.0,0.0,0.0,0.0,663,0.0,66.86982305,0.0,66.86982305,14.0,3004.963241,0.0,0.0,0.0,9.0,0.0,14.0,0.0,0.0,0.0,0.0,0.0,1336.27587,214.640231,0.0,0.0,0.0,0.0,0.0,0.0,0.0,14.0
22.26,0.0,66.78,3,1,0,1,3,101.0,101.0,101.0,0.25,70.874314,33.666149,0.0,0.0,0.0,4,100.998446,101.0,0.0,0.0015539999999999,0.0,0.0,0.0,0.0,0.0,0.0,0.0,0.0,0.0,0.0,0.0,0.0,0.0,0.0,0.0,0.0,0.0,0.0,0.0,0.0,0.0,0.0,0.0
157.54,0.0,315.08,2,1,0,1,2,101.0,101.0,101.0,0.383318,100.615698,50.499508,0.0,0.0,0.0,3,100.9990158,101.0,0.0,0.000984218,0.0,0.0,0.0,0.0,0.0,0.0,0.0,0.0,0.0,0.0,0.0,0.0,0.0,0.0,0.0,0.0,0.0,0.0,0.0,0.0,0.0,0.0,0.0
14251.05,15074.93,488409.87,11,22,0,1,4,0.011017,1.30424,0.232251,0.003,1.284198,0.529217,0.0,0.0,0.0,33,5.821384959,5.109520717,0.0,-0.711864242,1.0,2.262720814,0.0,0.0,0.0,1.0,0.0,1.0,0.0,0.0,0.0,0.0,2.262721,2.262721,2.262721,0.0,0.0,0.0,0.0,0.0,0.0,0.0,1.0
19.38,1756.89,1210863.4,563,683,0,9,3,0.015683,4.886012,1.243084,0.496559,4.885382,1.507,0.0,0.0,0.0,1246,848.4407963,849.0261632999999,0.0,0.585366996,7.0,15448.72535,0.0,0.0,0.0,5.0,0.0,7.0,0.0,0.0,0.0,0.0,0.0,15000.0,2206.960764,0.0,0.0,0.0,0.0,0.0,0.0,0.0,7.0
0.0,2040.05,38579.0,1,4,0,4,1,0.005291,1.0,0.402726,1.610044,1.610044,1.610044,0.0,0.0,0.0,5,1.610044389,1.610905389,0.0,0.0008609999999999,2.0,13.37,100.0,0.0,1.0,1.0,0.0,1.0,0.0,0.0,0.0,0.0,13.37,13.37,13.37,100.0,100.0,100.0,0.0,0.0,0.0,1.0,1.0
0.0,0.0,0.0,0,0,0,0,0,0.0,0.0,0.0,0.0,0.0,0.0,0.0,0.0,0.0,0,0.0,0.0,0.0,0.0,1.0,1.337,0.0,0.0,0.0,1.0,0.0,1.0,0.0,0.0,0.0,0.0,1.337,1.337,1.337,0.0,0.0,0.0,0.0,0.0,0.0,0.0,1.0
1010.05,194511.96,393064.12,4,2,0,2,4,0.004,0.9218,0.4629,0.003888,0.8930879999999999,0.231035,0.0,0.0,0.0,6,0.92414121,0.9258,0.0,0.00165879,0.0,0.0,0.0,0.0,0.0,0.0,0.0,0.0,0.0,0.0,0.0,0.0,0.0,0.0,0.0,0.0,0.0,0.0,0.0,0.0,0.0,0.0,0.0
11663.89,158.31,40532.58,3,35,0,28,3,0.0,3.99,0.7486510000000001,0.0,16.199523000000006,8.733174,0.0,0.0,0.0,38,26.19952346,26.20278288,0.0,0.003259418,5.0,3495.337,1994.0,0.0,1.0,3.0,0.0,4.0,0.0,0.0,0.0,0.0,0.0,1994.0,873.83425,1994.0,1994.0,1994.0,0.0,0.0,0.0,1.0,4.0
0.0,5020.89,45188.05,0,9,1,7,0,0.055788,2.51046,1.150514,0.0,0.0,0.0,0.0,0.0,0.0,10,0.0,10.35462685,0.0,10.35462685,0.0,0.0,0.0,0.0,0.0,0.0,0.0,0.0,0.0,0.0,0.0,0.0,0.0,0.0,0.0,0.0,0.0,0.0,0.0,0.0,0.0,0.0,0.0
6900.67,7993.31,1188813.58,141,27,0,10,41,0.002108,2428.901417,280.702992,0.0,2427.0,56.31075300000001,0.0,0.0,0.0,168,7939.816234999998,7578.980785,0.0,-360.8354499,129.0,2091652.96,2080091.879,0.0,19.0,51.0,0.0,26.0,0.0,0.0,0.0,0.0,0.0,302000.0,25507.96292,0.0,985937.5972,44257.27402,0.0,0.0,0.0,20.0,25.0
0.0,3.82,38229.32,0,9999,1,6290,0,0.0,2000.0,6.286646,0.0,0.0,0.0,0.0,0.0,0.0,10000,0.0,62860.16907,0.0,62860.16907,3.0,16.19794677,0.0,0.0,0.0,3.0,0.0,3.0,0.0,0.0,0.0,0.0,0.0001,15.308958,5.399316000000002,0.0,0.0,0.0,0.0,0.0,0.0,0.0,3.0
159.34,0.99,320.67,2,2,0,2,2,45.768745,55.231255,50.5,1.85,99.149016,50.499508,0.0,0.0,0.0,4,100.9990158,101.0,0.0,0.000984218,0.0,0.0,0.0,0.0,0.0,0.0,0.0,0.0,0.0,0.0,0.0,0.0,0.0,0.0,0.0,0.0,0.0,0.0,0.0,0.0,0.0,0.0,0.0
0.0,29311.25,175867.52,0,6,1,3,0,0.0,0.0,0.0,0.0,0.0,0.0,0.0,0.0,0.0,7,0.0,0.0,0.0,0.0,0.0,0.0,0.0,0.0,0.0,0.0,0.0,0.0,0.0,0.0,0.0,0.0,0.0,0.0,0.0,0.0,0.0,0.0,0.0,0.0,0.0,0.0,0.0
699.73,2177.32,5754.1,2,2,0,2,2,0.1,0.5,0.3,0.099139,0.4991390000000001,0.299139,0.0,0.0,0.0,4,0.598278,0.6,0.0,0.0017219999999999,0.0,0.0,0.0,0.0,0.0,0.0,0.0,0.0,0.0,0.0,0.0,0.0,0.0,0.0,0.0,0.0,0.0,0.0,0.0,0.0,0.0,0.0,0.0
0.0,3286.7,226781.97,0,69,1,3,0,0.0,4.820004,2.15269,0.0,0.0,0.0,0.0,0.0,0.0,70,0.0,148.5356299,0.0,148.5356299,2.0,3.409239489,0.0,0.0,0.0,2.0,0.0,2.0,0.0,0.0,0.0,0.0,0.466171,2.943069,1.70462,0.0,0.0,0.0,0.0,0.0,0.0,0.0,2.0
1819.9,638.12,8744.77,2,8,0,7,2,0.0,1.01947,0.343872,0.7490899999999999,2.000162,1.374626,0.0,0.0,0.0,10,2.74925268,2.75097468,0.0,0.0017219999999999,1.0,13.37,0.0,0.0,0.0,1.0,0.0,1.0,0.0,0.0,0.0,0.0,13.37,13.37,13.37,0.0,0.0,0.0,0.0,0.0,0.0,0.0,1.0
0.0,4073.01,301402.92,0,74,1,6,0,0.0,5.136392,0.567479,0.0,0.0,0.0,0.0,0.0,0.0,75,0.0,41.99342786,0.0,41.99342786,4.0,2.208696537,0.0,0.0,0.0,3.0,0.0,4.0,0.0,0.0,0.0,0.0,0.0,1.0,0.5521739999999999,0.0,0.0,0.0,0.0,0.0,0.0,0.0,4.0
13836.46,5072.06,1220367.7,86,6,0,5,55,0.011906,5.999,2.301257,0.0,7.9,0.1623369999999999,0.0,0.0,0.0,92,13.961,13.80753947,0.0,-0.15346053,206.0,828659.6162,663532.3381,0.0,34.0,95.0,0.0,95.0,0.0,0.0,0.0,0.0,0.0,222643.804,5451.708001,0.0,239552.0,12287.63589,0.0,0.0,0.0,40.0,94.0
11375.19,33928.91,997869.97,40,16,0,5,34,0.013635,2.877073,0.954105,0.0,1.0,0.181041,0.0,0.0,0.0,56,7.24166,15.26568307,0.0,8.02402307,52.0,38397.94387,119.6644575,0.0,6.0,35.0,0.0,40.0,0.0,0.0,0.0,0.0,0.0,16888.0,834.7379099999998,0.0,94.0,19.94407600000001,0.0,0.0,0.0,6.0,40.0
27416.29,59096.4,459979.75,6,5,0,2,6,1.704582,13.220166,6.171179,0.000249,13.219694,5.142099,0.0,0.0,0.0,11,30.85259137,30.85589523,0.0,0.003303856,0.0,0.0,0.0,0.0,0.0,0.0,0.0,0.0,0.0,0.0,0.0,0.0,0.0,0.0,0.0,0.0,0.0,0.0,0.0,0.0,0.0,0.0,0.0
31.07,13.7,139946.33,172,9828,0,1093,3,0.0979,9486.999139,30.860122,40.0,44447.0,1719.273256,0.0,0.0,0.0,10000,295715.0,303293.2751,0.0,7578.275097,32.0,71409.42379,6.0,0.0,1.0,23.0,0.0,29.0,0.0,0.0,0.0,0.0,0.0,48326.34599,2303.5298,6.0,6.0,6.0,0.0,0.0,0.0,1.0,29.0
163.66,0.3,327.92,2,2,0,2,2,47.400427,53.599573,50.5,0.002213,100.996803,50.499508,0.0,0.0,0.0,4,100.9990158,101.0,0.0,0.000984218,0.0,0.0,0.0,0.0,0.0,0.0,0.0,0.0,0.0,0.0,0.0,0.0,0.0,0.0,0.0,0.0,0.0,0.0,0.0,0.0,0.0,0.0,0.0
0.0,0.0,3.3,1,1,0,1,1,9.136005,9.136005,9.136005,9.135534,9.135534,9.135534,0.0,0.0,0.0,2,9.135533574,9.13600521,0.0,0.000471636,0.0,0.0,0.0,0.0,0.0,0.0,0.0,0.0,0.0,0.0,0.0,0.0,0.0,0.0,0.0,0.0,0.0,0.0,0.0,0.0,0.0,0.0,0.0
0.0,0.0,0.0,0,0,0,0,0,0.0,0.0,0.0,0.0,0.0,0.0,0.0,0.0,0.0,0,0.0,0.0,0.0,0.0,0.0,0.0,0.0,0.0,0.0,0.0,0.0,0.0,0.0,0.0,0.0,0.0,0.0,0.0,0.0,0.0,0.0,0.0,0.0,0.0,0.0,0.0,0.0
5376.12,6846.0,143725.63,14,10,0,10,10,0.0069999999999999,0.233241,0.051364,0.0,0.246222,0.035876,0.0,0.0,0.0,24,0.502262212,0.513643619,0.0,0.011381407,19.0,572.5317618,572.5317618,0.0,4.0,3.0,0.0,1.0,0.0,0.0,0.0,0.0,1.018691,212.356164,38.168784,36.941263,224.049351,143.13294,0.0,0.0,0.0,1.0,1.0
6.0,37680.11,301482.83,7,8,0,4,1,0.11,58.75344499999999,9.842931,0.129412,58.75575300000001,11.24715,0.0,0.0,0.0,15,78.73005157,78.74344479,0.0,0.01339322,0.0,0.0,0.0,0.0,0.0,0.0,0.0,0.0,0.0,0.0,0.0,0.0,0.0,0.0,0.0,0.0,0.0,0.0,0.0,0.0,0.0,0.0,0.0
23132.57,2034.94,877359.32,14,272,0,8,9,0.00416,200.487734,2.171246,0.0,200.49,27.862506,0.0,0.0,0.0,286,390.0750888,590.5788159,0.0,200.5037271,25.0,36822.90177,15015.42435,0.0,1.0,18.0,0.0,21.0,0.0,0.0,0.0,0.0,0.0,15015.42435,1534.287574,15015.42435,15015.42435,15015.42435,0.0,0.0,0.0,1.0,21.0
0.0,0.0,0.0,0,0,0,0,0,0.0,0.0,0.0,0.0,0.0,0.0,0.0,0.0,0.0,0,0.0,0.0,0.0,0.0,0.0,0.0,0.0,0.0,0.0,0.0,0.0,0.0,0.0,0.0,0.0,0.0,0.0,0.0,0.0,0.0,0.0,0.0,0.0,0.0,0.0,0.0,0.0
0.0,136.26,131657.12,1,2,0,2,1,0.03,0.244894,0.137447,0.274453,0.274453,0.274453,0.0,0.0,0.0,3,0.27445284,0.27489384,0.0,0.000441,1.0,0.020706735,0.0,0.0,0.0,1.0,0.0,1.0,0.0,0.0,0.0,0.0,0.020707,0.020707,0.020707,0.0,0.0,0.0,0.0,0.0,0.0,0.0,1.0
1326.29,1249.57,31392.68,2,23,0,23,2,0.02,22.725938,1.898926,21.02,22.630111,21.825056,0.0,0.0,0.0,25,43.65011109,43.67529409,0.0,0.025183,1.0,800.0,0.0,0.0,0.0,1.0,0.0,1.0,0.0,0.0,0.0,0.0,800.0,800.0,800.0,0.0,0.0,0.0,0.0,0.0,0.0,0.0,1.0
105.03,0.0,315.08,3,1,0,1,2,101.0,101.0,101.0,0.01,97.469261,33.66617100000001,0.0,0.0,0.0,4,100.9985118,101.0,0.0,0.001488218,0.0,0.0,0.0,0.0,0.0,0.0,0.0,0.0,0.0,0.0,0.0,0.0,0.0,0.0,0.0,0.0,0.0,0.0,0.0,0.0,0.0,0.0,0.0
0.0,0.0,50.98,1,1,0,1,1,1.4,1.4,1.4,1.398953,1.398953,1.398953,0.0,0.0,0.0,2,1.398953043,1.4,0.0,0.001046957,0.0,0.0,0.0,0.0,0.0,0.0,0.0,0.0,0.0,0.0,0.0,0.0,0.0,0.0,0.0,0.0,0.0,0.0,0.0,0.0,0.0,0.0,0.0
5830.96,937.9,494082.62,82,17,0,7,25,0.001386,7.73,0.980698,0.0,25.0,0.8847950000000001,0.0,0.0,0.0,99,72.5532,16.671858,0.0,-55.881342,44.0,23099.07679,26340.401,0.0,10.0,10.0,0.0,10.0,0.0,0.0,0.0,0.0,0.0,10000.0,1443.692299,0.0,10000.0,940.728607,0.0,0.0,0.0,10.0,10.0
640.29,387.12,1382242.92,1400,1255,0,91,25,0.0374,998.49,133.044467,0.0,1339.889066,119.264781,0.0,0.0,0.0,2655,166970.6939,166970.8055,0.0,0.11160526,33.0,67453.39854,0.0,0.0,0.0,25.0,0.0,30.0,0.0,0.0,0.0,0.0,0.0,31594.034880000007,2044.04238,0.0,0.0,0.0,0.0,0.0,0.0,0.0,30.0
5148.41,3084.66,664814.18,80,82,0,3,1,0.009833,0.999969,0.088548,0.009161,0.999549,0.090444,0.0,0.0,0.0,162,7.235542777999999,7.26091082,0.0,0.025368042,0.0,0.0,0.0,0.0,0.0,0.0,0.0,0.0,0.0,0.0,0.0,0.0,0.0,0.0,0.0,0.0,0.0,0.0,0.0,0.0,0.0,0.0,0.0
0.0,0.0,0.0,0,0,0,0,0,0.0,0.0,0.0,0.0,0.0,0.0,0.0,0.0,0.0,0,0.0,0.0,0.0,0.0,1.0,13.37,0.0,0.0,0.0,1.0,0.0,1.0,0.0,0.0,0.0,0.0,13.37,13.37,13.37,0.0,0.0,0.0,0.0,0.0,0.0,0.0,1.0
19.45,822.13,576861.75,620,687,0,4,1,0.091632,63.856508,1.142049,0.524133,63.85582900000001,1.264737,0.0,0.0,0.0,1307,784.1369963999998,784.587549,0.0,0.45055256,1.0,53.79459157,0.0,0.0,0.0,1.0,0.0,1.0,0.0,0.0,0.0,0.0,53.794592,53.794592,53.794592,0.0,0.0,0.0,0.0,0.0,0.0,0.0,1.0
0.0,0.0,0.0,0,0,0,0,0,0.0,0.0,0.0,0.0,0.0,0.0,0.0,0.0,0.0,0,0.0,0.0,0.0,0.0,0.0,0.0,0.0,0.0,0.0,0.0,0.0,0.0,0.0,0.0,0.0,0.0,0.0,0.0,0.0,0.0,0.0,0.0,0.0,0.0,0.0,0.0,0.0
24.06,0.18,72.55,3,2,0,2,3,17.048517,83.951483,50.5,5.176794,75.46437900000002,33.666149,0.0,0.0,0.0,5,100.998446,101.0,0.0,0.0015539999999999,0.0,0.0,0.0,0.0,0.0,0.0,0.0,0.0,0.0,0.0,0.0,0.0,0.0,0.0,0.0,0.0,0.0,0.0,0.0,0.0,0.0,0.0,0.0
32537.18,27683.59,436106.15,10,4,0,3,7,0.0285,19.999,7.280999,0.0,24.007118,3.711631,0.0,0.0,0.0,14,37.116306,29.12399468,0.0,-7.99231132,12.0,4660.207739,1624.851849,0.0,1.0,8.0,0.0,8.0,0.0,0.0,0.0,0.0,0.0,2624.851849,582.525967,0.0,1624.851849,406.212962,0.0,0.0,0.0,1.0,8.0
0.0,0.0,3.42,1,1,0,1,1,0.495,0.495,0.495,0.49458,0.49458,0.49458,0.0,0.0,0.0,2,0.49458,0.495,0.0,0.00042,0.0,0.0,0.0,0.0,0.0,0.0,0.0,0.0,0.0,0.0,0.0,0.0,0.0,0.0,0.0,0.0,0.0,0.0,0.0,0.0,0.0,0.0,0.0
0.0,441.79,11044.72,0,25,1,15,0,0.0,1.5,0.12456,0.0,0.0,0.0,0.0,0.0,0.0,26,0.0,3.114,0.0,3.114,0.0,0.0,0.0,0.0,0.0,0.0,0.0,0.0,0.0,0.0,0.0,0.0,0.0,0.0,0.0,0.0,0.0,0.0,0.0,0.0,0.0,0.0,0.0
0.0,1177.09,200104.62,0,170,1,6,0,0.0,1.979642,0.490833,0.0,0.0,0.0,0.0,0.0,0.0,171,0.0,83.44154685,0.0,83.44154685,2.0,1.671745988,0.0,0.0,0.0,2.0,0.0,2.0,0.0,0.0,0.0,0.0,0.267125,1.404621,0.835873,0.0,0.0,0.0,0.0,0.0,0.0,0.0,2.0
0.0,2159.54,226752.02,0,105,1,2,0,0.0,0.580734,0.193014,0.0,0.0,0.0,0.0,0.0,0.0,106,0.0,20.26644372,0.0,20.26644372,2.0,1.275961526,0.0,0.0,0.0,2.0,0.0,2.0,0.0,0.0,0.0,0.0,0.23424,1.041721,0.637981,0.0,0.0,0.0,0.0,0.0,0.0,0.0,2.0
0.0,0.0,55.87,1,1,0,1,1,1.5339,1.5339,1.5339,1.532853,1.532853,1.532853,0.0,0.0,0.0,2,1.532853043,1.5339,0.0,0.001046957,0.0,0.0,0.0,0.0,0.0,0.0,0.0,0.0,0.0,0.0,0.0,0.0,0.0,0.0,0.0,0.0,0.0,0.0,0.0,0.0,0.0,0.0,0.0
0.0,0.0,5465.45,1,1,0,1,1,1.0,1.0,1.0,0.99895,0.99895,0.99895,0.0,0.0,0.0,2,0.99895,1.0,0.0,0.00105,1.0,13.37,0.0,0.0,0.0,1.0,0.0,1.0,0.0,0.0,0.0,0.0,13.37,13.37,13.37,0.0,0.0,0.0,0.0,0.0,0.0,0.0,1.0
14160.17,0.0,42480.52,3,1,0,1,3,1.0,1.0,1.0,0.003152,0.595,0.332717,0.0,0.0,0.0,4,0.998152,1.0,0.0,0.001848,1.0,13.37,0.0,0.0,0.0,1.0,0.0,1.0,0.0,0.0,0.0,0.0,13.37,13.37,13.37,0.0,0.0,0.0,0.0,0.0,0.0,0.0,1.0
25.44,0.0,76.33,3,2,0,2,3,21.030611,79.969389,50.5,0.48,88.951595,33.666159,0.0,0.0,0.0,5,100.998477,101.0,0.0,0.001523001,0.0,0.0,0.0,0.0,0.0,0.0,0.0,0.0,0.0,0.0,0.0,0.0,0.0,0.0,0.0,0.0,0.0,0.0,0.0,0.0,0.0,0.0,0.0
29476.99,13066.6,848145.13,27,4,0,3,17,0.00134,14.2369,4.785342,0.0,11.780887,1.004276,0.0,0.0,0.0,31,27.11544633,19.14136685,0.0,-7.974079477999999,28.0,36623.99724,30837.41234,0.0,10.0,14.0,0.0,16.0,0.0,0.0,0.0,0.0,0.0,19473.46293,2154.352779,0.0,19473.46293,2803.401121,0.0,0.0,0.0,10.0,15.0
0.0,13340.42,226787.22,0,17,1,6,0,0.0,4.56528,1.188195,0.0,0.0,0.0,0.0,0.0,0.0,18,0.0,20.19932204,0.0,20.19932204,2.0,0.8781684059999999,0.0,0.0,0.0,2.0,0.0,2.0,0.0,0.0,0.0,0.0,0.285334,0.592834,0.439084,0.0,0.0,0.0,0.0,0.0,0.0,0.0,2.0
6226.86,1675.52,929903.8,134,57,0,15,48,0.005,16.461612,3.89267,0.0,16.0,1.829205,0.0,0.0,0.0,191,245.1134222,221.8821881,0.0,-23.23123404,105.0,229845.5493,238992.4649,0.0,18.0,24.0,0.0,23.0,0.0,0.0,0.0,0.0,0.0,60095.5051,4420.1067170000015,0.0,60085.5051,4509.291791,0.0,0.0,0.0,19.0,23.0
0.0,26492.58,291418.33,0,11,1,4,0,0.0,13.594897,1.675288,0.0,0.0,0.0,0.0,0.0,0.0,12,0.0,18.42817348,0.0,18.42817348,2.0,0.4091498770000001,0.0,0.0,0.0,2.0,0.0,2.0,0.0,0.0,0.0,0.0,0.1701,0.23905,0.204575,0.0,0.0,0.0,0.0,0.0,0.0,0.0,2.0
0.0,0.0,0.0,0,0,0,0,0,0.0,0.0,0.0,0.0,0.0,0.0,0.0,0.0,0.0,0,0.0,0.0,0.0,0.0,0.0,0.0,0.0,0.0,0.0,0.0,0.0,0.0,0.0,0.0,0.0,0.0,0.0,0.0,0.0,0.0,0.0,0.0,0.0,0.0,0.0,0.0,0.0
0.0,0.0,0.0,0,0,0,0,0,0.0,0.0,0.0,0.0,0.0,0.0,0.0,0.0,0.0,0,0.0,0.0,0.0,0.0,0.0,0.0,0.0,0.0,0.0,0.0,0.0,0.0,0.0,0.0,0.0,0.0,0.0,0.0,0.0,0.0,0.0,0.0,0.0,0.0,0.0,0.0,0.0
11321.68,7043.64,629217.65,45,17,0,8,23,0.004,3.1251,0.810757,0.0,2.25189,0.327553,0.0,0.0,0.0,62,14.73989894,13.78286948,0.0,-0.957029462,25.0,1129.963077,761.8008068,0.0,7.0,11.0,0.0,11.0,0.0,0.0,0.0,0.0,0.0,365.0,75.330872,0.0,350.820896,76.180081,0.0,0.0,0.0,6.0,11.0
1928.49,5228.25,1079940.6,194,135,0,124,21,0.070566,7.068,0.8647969999999999,0.0,15.1,0.614917,0.0,0.0,0.0,329,119.2939416,116.7476364,0.0,-2.54630521,486.0,159078.9485,59600.1008,0.0,8.0,50.0,0.0,56.0,0.0,0.0,0.0,0.0,0.0,30200.0,336.31913,0.0,30068.1018,4584.623139,0.0,0.0,0.0,8.0,56.0
3.93,0.0,11.78,3,2,0,2,3,312.508501,1688.4914989999993,1000.5,0.025,1937.733464,666.999528,0.0,0.0,0.0,5,2000.998585,2001.0,0.0,0.001414909,0.0,0.0,0.0,0.0,0.0,0.0,0.0,0.0,0.0,0.0,0.0,0.0,0.0,0.0,0.0,0.0,0.0,0.0,0.0,0.0,0.0,0.0,0.0
0.0,13143.94,105151.5,0,8,1,4,0,0.0,142.810344,56.943076,0.0,0.0,0.0,0.0,0.0,0.0,9,0.0,455.5446077,0.0,455.5446077,2.0,601.7139944,0.0,0.0,0.0,2.0,0.0,2.0,0.0,0.0,0.0,0.0,1.7139939999999998,600.0,300.8569970000001,0.0,0.0,0.0,0.0,0.0,0.0,0.0,2.0
40686.65,24242.29,649289.5,10,10,0,2,2,0.73,23.456261,7.727419,0.000546,23.455820000000006,7.7269619999999986,0.0,0.0,0.0,20,77.26961629,77.27419350000002,0.0,0.004577207,0.0,0.0,0.0,0.0,0.0,0.0,0.0,0.0,0.0,0.0,0.0,0.0,0.0,0.0,0.0,0.0,0.0,0.0,0.0,0.0,0.0,0.0,0.0
0.0,9391.28,319303.42,0,34,1,4,0,0.0,1.001533,0.724616,0.0,0.0,0.0,0.0,0.0,0.0,35,0.0,24.63694545,0.0,24.63694545,2.0,0.301361333,0.0,0.0,0.0,2.0,0.0,2.0,0.0,0.0,0.0,0.0,0.0,0.301361,0.1506809999999999,0.0,0.0,0.0,0.0,0.0,0.0,0.0,2.0
0.0,0.0,1.97,1,1,0,1,1,0.176135,0.176135,0.176135,0.175505,0.175505,0.175505,0.0,0.0,0.0,2,0.17550494,0.17613494,0.0,0.00063,0.0,0.0,0.0,0.0,0.0,0.0,0.0,0.0,0.0,0.0,0.0,0.0,0.0,0.0,0.0,0.0,0.0,0.0,0.0,0.0,0.0,0.0,0.0
0.0,118.17,74369.15,1,2,0,2,1,0.52,0.774215,0.647107,1.293354,1.293354,1.293354,0.0,0.0,0.0,3,1.293354,1.294215,0.0,0.0008609999999999,1.0,13.37,0.0,0.0,0.0,1.0,0.0,1.0,0.0,0.0,0.0,0.0,13.37,13.37,13.37,0.0,0.0,0.0,0.0,0.0,0.0,0.0,1.0
0.0,1696.28,228997.42,0,135,1,5,0,0.0,1.000381,0.322431,0.0,0.0,0.0,0.0,0.0,0.0,136,0.0,43.52816798,0.0,43.52816798,2.0,1.716587096,0.0,0.0,0.0,2.0,0.0,2.0,0.0,0.0,0.0,0.0,0.790423,0.926164,0.858294,0.0,0.0,0.0,0.0,0.0,0.0,0.0,2.0
22.36,0.0,67.08,3,1,0,1,3,101.0,101.0,101.0,0.146584,52.324651,33.666149,0.0,0.0,0.0,4,100.998446,101.0,0.0,0.0015539999999999,0.0,0.0,0.0,0.0,0.0,0.0,0.0,0.0,0.0,0.0,0.0,0.0,0.0,0.0,0.0,0.0,0.0,0.0,0.0,0.0,0.0,0.0,0.0
0.0,0.0,97.55,1,1,0,1,1,1.402236,1.402236,1.402236,1.399191,1.399191,1.399191,0.0,0.0,0.0,2,1.39919129,1.40223551,0.0,0.00304422,0.0,0.0,0.0,0.0,0.0,0.0,0.0,0.0,0.0,0.0,0.0,0.0,0.0,0.0,0.0,0.0,0.0,0.0,0.0,0.0,0.0,0.0,0.0
84.78,10603.94,609172.38,56,57,0,2,3,0.000611,0.310598,0.0713289999999999,0.000191,0.309758,0.071777,0.0,0.0,0.0,113,4.019533489,4.065733488999999,0.0,0.0462,0.0,0.0,0.0,0.0,0.0,0.0,0.0,0.0,0.0,0.0,0.0,0.0,0.0,0.0,0.0,0.0,0.0,0.0,0.0,0.0,0.0,0.0,0.0
4.82,849.14,1337277.23,1563,1566,0,3,1,0.181658,9.9995,0.7574069999999999,0.198594,9.999175,0.758093,0.0,0.0,0.0,3129,1184.899114,1186.099823,0.0,1.200708814,0.0,0.0,0.0,0.0,0.0,0.0,0.0,0.0,0.0,0.0,0.0,0.0,0.0,0.0,0.0,0.0,0.0,0.0,0.0,0.0,0.0,0.0,0.0
3.28,18383.4,147093.4,8,8,0,8,1,0.2,2.518032,1.406826,0.19697,2.516994,1.405192,0.0,0.0,0.0,16,11.24153475,11.25461149,0.0,0.01307674,0.0,0.0,0.0,0.0,0.0,0.0,0.0,0.0,0.0,0.0,0.0,0.0,0.0,0.0,0.0,0.0,0.0,0.0,0.0,0.0,0.0,0.0,0.0
0.0,44163.94,88327.88,0,2,1,2,0,0.0,19.999449,9.999724,0.0,0.0,0.0,0.0,0.0,0.0,3,0.0,19.99944882,0.0,19.99944882,0.0,0.0,0.0,0.0,0.0,0.0,0.0,0.0,0.0,0.0,0.0,0.0,0.0,0.0,0.0,0.0,0.0,0.0,0.0,0.0,0.0,0.0,0.0
2918.92,5480.39,1001840.28,86,137,0,28,41,0.000116,5.649161,0.157843,0.0,2.010723,0.243957,0.0,0.0,0.0,223,20.98026496,21.62450316,0.0,0.644238192,89.0,38907.0757,1473.07824,0.0,7.0,23.0,0.0,15.0,0.0,0.0,0.0,0.0,0.0,16888.0,492.494629,0.0,651.853967,147.307824,0.0,0.0,0.0,4.0,15.0
4.18,6685.08,33446.28,5,5,0,4,5,0.62,1.32,0.951664,0.619559,1.319528,0.951166,0.0,0.0,0.0,10,4.755829166,4.75831854,0.0,0.002489374,0.0,0.0,0.0,0.0,0.0,0.0,0.0,0.0,0.0,0.0,0.0,0.0,0.0,0.0,0.0,0.0,0.0,0.0,0.0,0.0,0.0,0.0,0.0
0.0,9769.62,19539.25,0,2,1,2,0,0.0,0.0,0.0,0.0,0.0,0.0,0.0,0.0,0.0,3,0.0,0.0,0.0,0.0,0.0,0.0,0.0,0.0,0.0,0.0,0.0,0.0,0.0,0.0,0.0,0.0,0.0,0.0,0.0,0.0,0.0,0.0,0.0,0.0,0.0,0.0,0.0
0.0,0.0,25.77,1,1,0,1,1,25.0,25.0,25.0,24.999528,24.999528,24.999528,0.0,0.0,0.0,2,24.99952836,25.0,0.0,0.000471636,0.0,0.0,0.0,0.0,0.0,0.0,0.0,0.0,0.0,0.0,0.0,0.0,0.0,0.0,0.0,0.0,0.0,0.0,0.0,0.0,0.0,0.0,0.0
0.0,0.0,8.6,1,1,0,1,1,0.04287,0.04287,0.04287,0.04225,0.04225,0.04225,0.0,0.0,0.0,2,0.04225002,0.04287002,0.0,0.00062,0.0,0.0,0.0,0.0,0.0,0.0,0.0,0.0,0.0,0.0,0.0,0.0,0.0,0.0,0.0,0.0,0.0,0.0,0.0,0.0,0.0,0.0,0.0
5602.29,4706.41,1046314.23,133,64,2,23,91,3.5e-05,222.22,12.205908,0.0,222.0,6.290555,0.0,0.0,0.0,199,836.6438,781.1781292999998,0.0,-55.46567067,126.0,39336.40702,4434.529148,0.0,25.0,40.0,0.0,58.0,0.0,0.0,0.0,0.0,0.0,16888.0,452.142609,0.0,1006.786487,113.705876,0.0,0.0,0.0,21.0,58.0
11892.37,111.29,24007.32,2,2,0,1,2,0.2,0.66,0.43,0.27,0.5870000000000001,0.4285,0.0,0.0,0.0,4,0.857,0.86,0.0,0.003,1.0,15.0,0.0,0.0,0.0,1.0,0.0,1.0,0.0,0.0,0.0,0.0,15.0,15.0,15.0,0.0,0.0,0.0,0.0,0.0,0.0,0.0,1.0
0.0,435.35,67868.9,1,26,0,24,1,0.00836,4.99,0.93917,24.417549,24.417549,24.417549,0.0,0.0,0.0,27,24.41754932,24.41841032,0.0,0.0008609999999999,2.0,20448.0,0.0,0.0,0.0,2.0,0.0,2.0,0.0,0.0,0.0,0.0,0.0,20448.0,10224.0,0.0,0.0,0.0,0.0,0.0,0.0,0.0,2.0
0.0,306.07,149899.78,1,11,0,11,1,0.26,1.0,0.653636,8.163834,8.163834,8.163834,0.0,0.0,0.0,12,8.163834,7.19,0.0,-0.973834,4.0,14.37,0.0,0.0,0.0,4.0,0.0,4.0,0.0,0.0,0.0,0.0,0.0,13.37,3.5925,0.0,0.0,0.0,0.0,0.0,0.0,0.0,4.0
338.27,293.39,1556.7,2,3,0,3,1,0.17,0.989844,0.551238,0.6633859999999999,0.989361,0.8263739999999999,0.0,0.0,0.0,5,1.65274706,1.65371306,0.0,0.000966,1.0,13.37,0.0,0.0,0.0,1.0,0.0,1.0,0.0,0.0,0.0,0.0,13.37,13.37,13.37,0.0,0.0,0.0,0.0,0.0,0.0,0.0,1.0
27729.92,1466.44,204374.53,7,7,0,1,1,0.995,4.995,4.137857,0.004861,5.9967760000000006,4.137377,0.0,0.0,0.0,14,28.96163773,28.965,0.0,0.003362271,0.0,0.0,0.0,0.0,0.0,0.0,0.0,0.0,0.0,0.0,0.0,0.0,0.0,0.0,0.0,0.0,0.0,0.0,0.0,0.0,0.0,0.0,0.0
160.08,0.11,320.48,2,3,0,3,2,9.50177,75.99895,33.666667,49.999016,51.0,50.499508,0.0,0.0,0.0,5,100.9990158,101.0,0.0,0.000984218,0.0,0.0,0.0,0.0,0.0,0.0,0.0,0.0,0.0,0.0,0.0,0.0,0.0,0.0,0.0,0.0,0.0,0.0,0.0,0.0,0.0,0.0,0.0
15779.98,105.26,143703.97,9,16,0,14,5,0.001164,18.338727,2.106442,0.5,11.545327,3.743925,0.0,0.0,0.0,25,33.6953267,33.70307570000001,0.0,0.007749,3.0,1.337,0.0,0.0,0.0,3.0,0.0,3.0,0.0,0.0,0.0,0.0,0.0,1.337,0.445667,0.0,0.0,0.0,0.0,0.0,0.0,0.0,3.0
0.0,0.0,0.0,0,0,0,0,0,0.0,0.0,0.0,0.0,0.0,0.0,0.0,0.0,0.0,0,0.0,0.0,0.0,0.0,0.0,0.0,0.0,0.0,0.0,0.0,0.0,0.0,0.0,0.0,0.0,0.0,0.0,0.0,0.0,0.0,0.0,0.0,0.0,0.0,0.0,0.0,0.0
22.26,0.0,66.78,3,1,0,1,3,101.0,101.0,101.0,3.3760480000000004,82.23040999999998,33.666149,0.0,0.0,0.0,4,100.998446,101.0,0.0,0.0015539999999999,0.0,0.0,0.0,0.0,0.0,0.0,0.0,0.0,0.0,0.0,0.0,0.0,0.0,0.0,0.0,0.0,0.0,0.0,0.0,0.0,0.0,0.0,0.0
50337.59,50590.45,554724.92,7,4,0,1,2,0.3835,5.0487,2.204475,0.0034,5.048061,1.259054,0.0,0.0,0.0,11,8.813377479,8.8179,0.0,0.004522521,0.0,0.0,0.0,0.0,0.0,0.0,0.0,0.0,0.0,0.0,0.0,0.0,0.0,0.0,0.0,0.0,0.0,0.0,0.0,0.0,0.0,0.0,0.0
0.0,1608.15,226748.45,0,141,1,3,0,0.0,0.95304,0.36415,0.0,0.0,0.0,0.0,0.0,0.0,142,0.0,51.34518551,0.0,51.34518551,2.0,1.7477960259999998,0.0,0.0,0.0,2.0,0.0,2.0,0.0,0.0,0.0,0.0,0.7679819999999999,0.979814,0.873898,0.0,0.0,0.0,0.0,0.0,0.0,0.0,2.0
160.77,0.84,323.22,2,2,0,2,2,26.20733,74.79267,50.5,0.499454,100.499562,50.499508,0.0,0.0,0.0,4,100.9990158,101.0,0.0,0.000984218,0.0,0.0,0.0,0.0,0.0,0.0,0.0,0.0,0.0,0.0,0.0,0.0,0.0,0.0,0.0,0.0,0.0,0.0,0.0,0.0,0.0,0.0,0.0
0.0,5725.61,229024.57,0,40,1,4,0,0.0,1.001952,0.8485729999999999,0.0,0.0,0.0,0.0,0.0,0.0,41,0.0,33.94292583,0.0,33.94292583,2.0,1.249302383,0.0,0.0,0.0,2.0,0.0,2.0,0.0,0.0,0.0,0.0,0.603305,0.645997,0.6246510000000001,0.0,0.0,0.0,0.0,0.0,0.0,0.0,2.0
0.0,37793.24,226759.43,0,6,1,3,0,0.0,51.61,9.585267,0.0,0.0,0.0,0.0,0.0,0.0,7,0.0,57.5116,0.0,57.5116,2.0,5.624320816,0.0,0.0,0.0,2.0,0.0,2.0,0.0,0.0,0.0,0.0,0.624321,5.0,2.81216,0.0,0.0,0.0,0.0,0.0,0.0,0.0,2.0
1221.32,34190.91,288183.13,12,8,0,4,10,0.000396,0.06551,0.026686,0.0,0.07,0.016978,0.0,0.0,0.0,20,0.203740991,0.21348911,0.0,0.009748119,12.0,4.95731344,4.95725152,0.0,5.0,4.0,0.0,5.0,0.0,0.0,0.0,0.0,0.0,4.482693,0.708188,0.0,4.482631,0.99145,0.0,0.0,0.0,4.0,5.0
0.0,0.0,597.03,1,1,0,1,1,0.057307,0.057307,0.057307,0.056687,0.056687,0.056687,0.0,0.0,0.0,2,0.05668681,0.05730681,0.0,0.00062,0.0,0.0,0.0,0.0,0.0,0.0,0.0,0.0,0.0,0.0,0.0,0.0,0.0,0.0,0.0,0.0,0.0,0.0,0.0,0.0,0.0,0.0,0.0
0.0,0.0,0.0,0,0,0,0,0,0.0,0.0,0.0,0.0,0.0,0.0,0.0,0.0,0.0,0,0.0,0.0,0.0,0.0,0.0,0.0,0.0,0.0,0.0,0.0,0.0,0.0,0.0,0.0,0.0,0.0,0.0,0.0,0.0,0.0,0.0,0.0,0.0,0.0,0.0,0.0,0.0
130.59,4044.13,993577.92,207,239,0,4,3,0.010031,0.194613,0.06316,0.010369,1.196464,0.072603,0.0,0.0,0.0,446,15.02882171,15.09527797,0.0,0.066456251,3.0,4.063344923,100.0,0.0,1.0,2.0,0.0,2.0,0.0,0.0,0.0,0.0,0.0,4.063345,2.031672,100.0,100.0,100.0,0.0,0.0,0.0,1.0,2.0
1.76,107.27,327.08,3,3,0,2,1,1.0,10.0,7.0,0.99895,9.99895,6.99895,0.0,0.0,0.0,6,20.99685,21.0,0.0,0.00315,0.0,0.0,0.0,0.0,0.0,0.0,0.0,0.0,0.0,0.0,0.0,0.0,0.0,0.0,0.0,0.0,0.0,0.0,0.0,0.0,0.0,0.0,0.0
0.0,1717.95,226769.07,0,132,1,5,0,0.0,1.899444,0.688358,0.0,0.0,0.0,0.0,0.0,0.0,133,0.0,90.86329272,0.0,90.86329272,1.0,1.4244526869999998,0.0,0.0,0.0,1.0,0.0,1.0,0.0,0.0,0.0,0.0,1.424453,1.424453,1.424453,0.0,0.0,0.0,0.0,0.0,0.0,0.0,1.0
8462.15,9681.63,364169.23,11,28,0,23,6,0.010565,15.92219,1.711873,0.01,17.12,4.235391,0.0,0.0,0.0,39,46.58930112,47.93243763,0.0,1.343136515,7.0,76.69447233,0.0,0.0,0.0,6.0,0.0,7.0,0.0,0.0,0.0,0.0,0.0,68.019509,10.956353,0.0,0.0,0.0,0.0,0.0,0.0,0.0,7.0
0.0,143.26,320.82,1,2,0,1,1,0.4985,5.305939,2.90222,5.790939,5.790939,5.790939,0.0,0.0,0.0,3,5.7909393,5.804439299999999,0.0,0.0135,0.0,0.0,0.0,0.0,0.0,0.0,0.0,0.0,0.0,0.0,0.0,0.0,0.0,0.0,0.0,0.0,0.0,0.0,0.0,0.0,0.0,0.0,0.0
